accepted_so_far,checked_so_far,website,http_status,http_reachable,http_error,classification,confidence,decision
1134,1,villa-cavrois.fr,None,False,connection_error,WEBSITE_DOWN,0.95,Skipped
1134,2,rheumatologyadvisor.com,200,True,,UNCERTAIN,0.0,Skipped
1134,3,brevilleusa.com,200,True,,UNCERTAIN,0.0,Skipped
1134,4,statejournal.com,200,True,,UNCERTAIN,0.0,Skipped
1134,5,viessmann-us.com,200,True,,UNCERTAIN,0.0,Skipped
1134,6,museumhameln.de,200,True,,UNCERTAIN,0.0,Skipped
1134,7,servicemasterclean.com,None,False,connection_error,WEBSITE_DOWN,0.95,Skipped
1134,8,ar.wiktionary.org,200,True,,UNCERTAIN,0.0,Skipped
1134,9,catholiccharities.cc,200,True,,UNCERTAIN,0.0,Skipped
1134,10,ceir.gov.in,200,True,,UNCERTAIN,0.0,Skipped
1134,11,newsroom.thehartford.com,200,True,,UNCERTAIN,0.0,Skipped
1134,12,caritas.eu,200,True,,UNCERTAIN,0.0,Skipped
1134,13,wwf.org.za,200,True,,UNCERTAIN,0.0,Skipped
1134,14,gamingintelligence.com,200,True,,UNCERTAIN,0.0,Skipped
1134,15,agrifoodtrust.cimmyt.org,None,False,connection_error,WEBSITE_DOWN,0.95,Skipped
1134,16,vladmuseum.ru,200,True,,UNCERTAIN,0.0,Skipped
1134,17,newyork.timeout.com,200,True,,UNCERTAIN,0.0,Skipped
1134,18,milliontreesnyc.org,200,True,,UNCERTAIN,0.0,Skipped
1134,19,venlo.nl,200,True,,UNCERTAIN,0.0,Skipped
1134,20,skiptoncastle.co.uk,200,True,,UNCERTAIN,0.0,Skipped
1134,21,blog.okcoin.com,None,False,connection_error,WEBSITE_DOWN,0.95,Skipped
1134,22,loreldiamonds.com,200,True,,UNCERTAIN,0.0,Skipped
1134,23,aastocks.com,200,True,,UNCERTAIN,0.0,Skipped
1134,24,totallyhistory.com,200,True,,UNCERTAIN,0.0,Skipped
1134,25,innovative-care.com,200,True,,UNCERTAIN,0.0,Skipped
1134,26,stratfordfestival.ca,None,False,connection_error,WEBSITE_DOWN,0.95,Skipped
1134,27,ccc.qld.gov.au,None,False,connection_error,WEBSITE_DOWN,0.95,Skipped
1134,28,easyvoyage.com,200,True,,UNCERTAIN,0.0,Skipped
1134,29,search.vatican.va,None,False,connection_error,WEBSITE_DOWN,0.95,Skipped
1134,30,castorama.pl,200,True,,UNCERTAIN,0.0,Skipped
1134,31,bower.io,200,True,,UNCERTAIN,0.0,Skipped
1134,32,colorbond.vn,None,False,timeout,WEBSITE_DOWN,0.95,Skipped
1134,33,layersoflondon.org,200,True,,UNCERTAIN,0.0,Skipped
1134,34,splendoramsterdam.com,200,True,,UNCERTAIN,0.0,Skipped
1134,35,cesa.catholic.edu.au,200,True,,UNCERTAIN,0.0,Skipped
1134,36,belgard.com,200,True,,UNCERTAIN,0.0,Skipped
1134,37,grinnell.edu,200,True,,UNCERTAIN,0.0,Skipped
1134,38,asianstudies.org,200,True,,UNCERTAIN,0.0,Skipped
1134,39,videnskab.dk,200,True,,UNCERTAIN,0.0,Skipped
1134,40,vattenfall.nl,200,True,,UNCERTAIN,0.0,Skipped
1134,41,thescottishfarmer.co.uk,200,True,,UNCERTAIN,0.0,Skipped
1134,42,educationsector.org,500,False,,UNCERTAIN,0.0,Skipped
1134,43,edhrec.com,200,True,,UNCERTAIN,0.0,Skipped
1134,44,visitdallas.com,200,True,,UNCERTAIN,0.0,Skipped
1134,45,pctoday.com,200,True,,UNCERTAIN,0.0,Skipped
1134,46,furlongflooring.com,200,True,,UNCERTAIN,0.0,Skipped
1134,47,epgp.inflibnet.ac.in,401,True,,UNCERTAIN,0.0,Skipped
1134,48,copypastecharacter.com,200,True,,UNCERTAIN,0.0,Skipped
1134,49,povertyalliance.org,200,True,,UNCERTAIN,0.0,Skipped
1134,50,iconsiam.com,200,True,,UNCERTAIN,0.0,Skipped
1134,51,globalindustrial.com,403,True,,WEBSITE_DOWN,0.9,Skipped
1134,52,fammed.wisc.edu,200,True,,UNCERTAIN,0.0,Skipped
1134,53,eures.ec.europa.eu,None,False,connection_error,WEBSITE_DOWN,0.95,Skipped
1134,54,claycountyconnect.com,200,True,,UNCERTAIN,0.0,Skipped
1134,55,flixel.org,200,True,,UNCERTAIN,0.0,Skipped
1134,56,rickscott.senate.gov,403,True,,WEBSITE_DOWN,0.9,Skipped
1134,57,visitgreensboronc.com,200,True,,UNCERTAIN,0.0,Skipped
1134,58,nextlevelapparel.com,200,True,,UNCERTAIN,0.0,Skipped
1134,59,criminocorpus.org,200,True,,UNCERTAIN,0.0,Skipped
1134,60,trueclassictees.com,200,True,,UNCERTAIN,0.0,Skipped
1134,61,doi.wyo.gov,200,True,,UNCERTAIN,0.0,Skipped
1134,62,magicvalley.com,200,True,,UNCERTAIN,0.0,Skipped
1134,63,conejo.k12.ca.us,None,False,connection_error,WEBSITE_DOWN,0.95,Skipped
1134,64,news.sina.cn,200,True,,UNCERTAIN,0.0,Skipped
1134,65,einhell.com,200,True,,UNCERTAIN,0.0,Skipped
1134,66,webtrees.net,200,True,,UNCERTAIN,0.0,Skipped
1134,67,bugeysud-tourisme.fr,200,True,,UNCERTAIN,0.0,Skipped
1134,68,mtruapehu.com,200,True,,UNCERTAIN,0.0,Skipped
1134,69,brooklynpark.org,200,True,,UNCERTAIN,0.0,Skipped
1134,70,tourisme-saintomer.com,200,True,,UNCERTAIN,0.0,Skipped
1134,71,insideottawavalley.com,200,True,,UNCERTAIN,0.0,Skipped
1134,72,giorgialupi.com,200,True,,UNCERTAIN,0.0,Skipped
1134,73,subtlepatterns.com,200,True,,UNCERTAIN,0.0,Skipped
1134,74,vascularmed.org,200,True,,UNCERTAIN,0.0,Skipped
1134,75,acphospitalist.acponline.org,403,True,,WEBSITE_DOWN,0.9,Skipped
1134,76,lisbonlisboaportugal.com,200,True,,UNCERTAIN,0.0,Skipped
1134,77,uni-leipzig.de,200,True,,UNCERTAIN,0.0,Skipped
1134,78,91magazine.co.uk,403,True,,WEBSITE_DOWN,0.9,Skipped
1134,79,savesmallbusiness.com,200,True,,UNCERTAIN,0.0,Skipped
1134,80,evil-icons.io,200,True,,UNCERTAIN,0.0,Skipped
1134,81,seea.un.org,200,True,,UNCERTAIN,0.0,Skipped
1134,82,drinkbai.com,200,True,,UNCERTAIN,0.0,Skipped
1134,83,skyway10k.com,200,True,,UNCERTAIN,0.0,Skipped
1134,84,bodyguardz.com,200,True,,UNCERTAIN,0.0,Skipped
1134,85,goodtypefoundry.com,200,True,,UNCERTAIN,0.0,Skipped
1134,86,weddingbee.com,403,True,,WEBSITE_DOWN,0.9,Skipped
1134,87,cmar.csiro.au,None,False,connection_error,WEBSITE_DOWN,0.95,Skipped
1134,88,empoweringparents.com,200,True,,UNCERTAIN,0.0,Skipped
1134,89,beckersspine.com,None,False,connection_error,WEBSITE_DOWN,0.95,Skipped
1134,90,mgaleg.maryland.gov,200,True,,UNCERTAIN,0.0,Skipped
1134,91,glucerna.com,200,True,,UNCERTAIN,0.0,Skipped
1134,92,carto.com,200,True,,UNCERTAIN,0.0,Skipped
1134,93,flbaptist.org,200,True,,UNCERTAIN,0.0,Skipped
1134,94,harpattack.com,200,True,,UNCERTAIN,0.0,Skipped
1134,95,bikepacking.com,200,True,,UNCERTAIN,0.0,Skipped
1134,96,campspot.com,200,True,,UNCERTAIN,0.0,Skipped
1134,97,cityu.edu,200,True,,UNCERTAIN,0.0,Skipped
1134,98,designtorget.se,200,True,,UNCERTAIN,0.0,Skipped
1134,99,richmondfreepress.com,404,True,,UNCERTAIN,0.0,Skipped
1134,100,cbtnetwork.org,None,False,connection_error,WEBSITE_DOWN,0.95,Skipped
1134,101,pasadenahumane.org,200,True,,UNCERTAIN,0.0,Skipped
1134,102,7esl.com,200,True,,UNCERTAIN,0.0,Skipped
1134,103,institut-agro.fr,200,True,,UNCERTAIN,0.0,Skipped
1134,104,lakechamplainchocolates.com,200,True,,UNCERTAIN,0.0,Skipped
1134,105,berkslibraries.org,200,True,,UNCERTAIN,0.0,Skipped
1134,106,ibec.ie,200,True,,UNCERTAIN,0.0,Skipped
1134,107,vdara.com,None,False,timeout,WEBSITE_DOWN,0.95,Skipped
1134,108,origami.design,200,True,,UNCERTAIN,0.0,Skipped
1134,109,northwoodtech.edu,200,True,,UNCERTAIN,0.0,Skipped
1134,110,royalinstitutephilosophy.org,200,True,,UNCERTAIN,0.0,Skipped
1134,111,stpatrickscathedral.com,None,False,connection_error,WEBSITE_DOWN,0.95,Skipped
1134,112,insights.stacker.com,200,True,,UNCERTAIN,0.0,Skipped
1134,113,min.wikipedia.org,200,True,,UNCERTAIN,0.0,Skipped
1134,114,smithsonian.com,200,True,,UNCERTAIN,0.0,Skipped
1134,115,chapman.edu,200,True,,UNCERTAIN,0.0,Skipped
1134,116,globalhumanitarianassistance.org,403,True,,WEBSITE_DOWN,0.9,Skipped
1134,117,monthlyreviewarchives.org,200,True,,UNCERTAIN,0.0,Skipped
1134,118,kotlinlang.org,200,True,,UNCERTAIN,0.0,Skipped
1134,119,app.pch.gc.ca,404,True,,UNCERTAIN,0.0,Skipped
1134,120,cli.angular.io,200,True,,UNCERTAIN,0.0,Skipped
1134,121,edgesoftware.intel.com,None,False,connection_error,WEBSITE_DOWN,0.95,Skipped
1134,122,nexiahome.com,200,True,,UNCERTAIN,0.0,Skipped
1134,123,cms.azed.gov,403,True,,WEBSITE_DOWN,0.9,Skipped
1134,124,eecs.engineering.oregonstate.edu,200,True,,UNCERTAIN,0.0,Skipped
1134,125,itweb.co.za,200,True,,UNCERTAIN,0.0,Skipped
1134,126,humanbenchmark.com,200,True,,UNCERTAIN,0.0,Skipped
1134,127,luxurydaily.com,200,True,,UNCERTAIN,0.0,Skipped
1134,128,grob-aircraft.com,200,True,,UNCERTAIN,0.0,Skipped
1134,129,translate.google.co.id,200,True,,UNCERTAIN,0.0,Skipped
1134,130,sportsground.co.nz,200,True,,UNCERTAIN,0.0,Skipped
1134,131,esriaustralia.com.au,200,True,,UNCERTAIN,0.0,Skipped
1134,132,aquaillumination.com,200,True,,UNCERTAIN,0.0,Skipped
1134,133,ncchild.org,200,True,,UNCERTAIN,0.0,Skipped
1134,134,telecomasia.net,200,True,,UNCERTAIN,0.0,Skipped
1134,135,sars.gov.za,200,True,,UNCERTAIN,0.0,Skipped
1134,136,thefosteringnetwork.org.uk,200,True,,UNCERTAIN,0.0,Skipped
1134,137,well.ox.ac.uk,None,False,connection_error,WEBSITE_DOWN,0.95,Skipped
1134,138,yandex.by,200,True,,UNCERTAIN,0.0,Skipped
1134,139,trade.alibaba.com,None,False,timeout,WEBSITE_DOWN,0.95,Skipped
1134,140,imaginedragonsmusic.com,200,True,,UNCERTAIN,0.0,Skipped
1134,141,earthsciences.osu.edu,200,True,,UNCERTAIN,0.0,Skipped
1134,142,washingtonautoshow.com,200,True,,UNCERTAIN,0.0,Skipped
1134,143,bikeperfect.com,200,True,,UNCERTAIN,0.0,Skipped
1134,144,waysidegardens.com,403,True,,WEBSITE_DOWN,0.9,Skipped
1134,145,tourette.org,200,True,,UNCERTAIN,0.0,Skipped
1134,146,shop.ascd.org,None,False,connection_error,WEBSITE_DOWN,0.95,Skipped
1134,147,lawhelp.org,None,False,connection_error,WEBSITE_DOWN,0.95,Skipped
1134,148,help.sonic.com,200,True,,UNCERTAIN,0.0,Skipped
1134,149,cdkn.org,200,True,,UNCERTAIN,0.0,Skipped
1134,150,storyofplastic.org,None,False,"HTTPSConnectionPool(host='storyofplastic.org',",WEBSITE_DOWN,0.95,Skipped
1134,151,amazonfutureengineer.com,200,True,,UNCERTAIN,0.0,Skipped
1134,152,unbeatablesale.com,403,True,,WEBSITE_DOWN,0.9,Skipped
1134,153,danielboulud.com,200,True,,UNCERTAIN,0.0,Skipped
1134,154,nordjyske.dk,200,True,,UNCERTAIN,0.0,Skipped
1134,155,dieselnet.com,200,True,,UNCERTAIN,0.0,Skipped
1134,156,gdansk-wiadomosci.pl,200,True,,UNCERTAIN,0.0,Skipped
1134,157,livingplanet.panda.org,200,True,,UNCERTAIN,0.0,Skipped
1134,158,disabilityrightsnc.org,200,True,,UNCERTAIN,0.0,Skipped
1134,159,meridenct.gov,403,True,,WEBSITE_DOWN,0.9,Skipped
1134,160,la.wikisource.org,200,True,,UNCERTAIN,0.0,Skipped
1134,161,enthealth.org,200,True,,UNCERTAIN,0.0,Skipped
1134,162,littlerockzoo.com,200,True,,UNCERTAIN,0.0,Skipped
1134,163,shoeboxed.com,200,True,,UNCERTAIN,0.0,Skipped
1134,164,accountancyeurope.eu,200,True,,UNCERTAIN,0.0,Skipped
1134,165,google.com.eg,200,True,,UNCERTAIN,0.0,Skipped
1134,166,petalumaonline.us,200,True,,UNCERTAIN,0.0,Skipped
1134,167,uhnresearch.ca,200,True,,UNCERTAIN,0.0,Skipped
1134,168,blog.ed.ted.com,200,True,,UNCERTAIN,0.0,Skipped
1134,169,asialinkbusiness.com.au,200,True,,UNCERTAIN,0.0,Skipped
1134,170,blog.pcrisk.com,200,True,,UNCERTAIN,0.0,Skipped
1134,171,lehman.edu,200,True,,UNCERTAIN,0.0,Skipped
1134,172,de.dbpedia.org,None,False,"HTTPConnectionPool(host='de.dbpedia.org',",WEBSITE_DOWN,0.95,Skipped
1134,173,daytonsuperior.com,None,False,timeout,WEBSITE_DOWN,0.95,Skipped
1134,174,whatscooking.fns.usda.gov,None,False,connection_error,WEBSITE_DOWN,0.95,Skipped
1134,175,golden.house.gov,200,True,,UNCERTAIN,0.0,Skipped
1134,176,kids.jamespatterson.com,200,True,,UNCERTAIN,0.0,Skipped
1134,177,environment.alberta.ca,200,True,,UNCERTAIN,0.0,Skipped
1134,178,ergonomics.jp,200,True,,UNCERTAIN,0.0,Skipped
1134,179,flytucson.com,403,True,,WEBSITE_DOWN,0.9,Skipped
1134,180,libraries.wright.edu,200,True,,UNCERTAIN,0.0,Skipped
1134,181,waitomo.com,200,True,,UNCERTAIN,0.0,Skipped
1134,182,helpcenter.affirm.com,None,False,"HTTPSConnectionPool(host='helpcenter.affirm.com',",WEBSITE_DOWN,0.95,Skipped
1134,183,panasonic.eu,None,False,timeout,WEBSITE_DOWN,0.95,Skipped
1134,184,revistas.rcaap.pt,200,True,,UNCERTAIN,0.0,Skipped
1134,185,seventeen.com,200,True,,UNCERTAIN,0.0,Skipped
1134,186,sigmachi.org,200,True,,UNCERTAIN,0.0,Skipped
1134,187,mini-site.louvre.fr,200,True,,UNCERTAIN,0.0,Skipped
1134,188,cookcountyil.gov,200,True,,UNCERTAIN,0.0,Skipped
1134,189,flypaper.soundfly.com,200,True,,UNCERTAIN,0.0,Skipped
1134,190,restaurantsnear.me,200,True,,UNCERTAIN,0.0,Skipped
1134,191,labmanager.com,200,True,,UNCERTAIN,0.0,Skipped
1134,192,games.aarp.org,200,True,,UNCERTAIN,0.0,Skipped
1134,193,uct.ac.za,200,True,,UNCERTAIN,0.0,Skipped
1134,194,klydewarrenpark.org,200,True,,UNCERTAIN,0.0,Skipped
1134,195,citmedialaw.org,200,True,,UNCERTAIN,0.0,Skipped
1134,196,borealbirds.org,200,True,,UNCERTAIN,0.0,Skipped
1134,197,html-css-js.com,200,True,,UNCERTAIN,0.0,Skipped
1134,198,dse.vic.gov.au,None,False,connection_error,WEBSITE_DOWN,0.95,Skipped
1134,199,leti-cea.fr,200,True,,UNCERTAIN,0.0,Skipped
1134,200,site.localline.ca,200,True,,FEASIBLE,1.0,Accepted
1135,201,terminix.com,200,True,,UNCERTAIN,0.9,Skipped
1135,202,paulsimon.com,200,True,,WEBSITE_DOWN,1.0,Skipped
1135,203,www2.cpdl.org,403,True,,WEBSITE_DOWN,0.9,Skipped
1135,204,chitwannationalpark.gov.np,200,True,,UNCERTAIN,0.0,Skipped
1135,205,pentair.eu,200,True,,FEASIBLE,1.0,Accepted
1136,206,hcd.ca.gov,403,True,,WEBSITE_DOWN,0.9,Skipped
1136,207,metwashairports.com,200,True,,UNCERTAIN,0.0,Skipped
1136,208,ad-magazin.de,200,True,,WEBSITE_DOWN,1.0,Skipped
1136,209,valenciaturisme.org,None,False,connection_error,WEBSITE_DOWN,0.95,Skipped
1136,210,westfargopioneer.com,403,True,,WEBSITE_DOWN,0.9,Skipped
1136,211,gutekueche.de,200,True,,UNCERTAIN,0.0,Skipped
1136,212,www2.govmu.org,200,True,,WEBSITE_DOWN,1.0,Skipped
1136,213,pypi.io,200,True,,UNCERTAIN,1.0,Skipped
1136,214,neweracap.com,200,True,,UNCERTAIN,0.0,Skipped
1136,215,plantcitygov.com,403,True,,WEBSITE_DOWN,0.9,Skipped
1136,216,onetreeplanted.org,200,True,,FEASIBLE,1.0,Accepted
1137,217,datavideo.com.tw,None,False,connection_error,WEBSITE_DOWN,0.95,Skipped
1137,218,michelin.be,200,True,,FEASIBLE,1.0,Accepted
1138,219,archive.opm.gov,200,True,,CONTENT_LIKELY_OUTDATED,0.8,Skipped
1138,220,livingwithhearingloss.com,200,True,,CONTENT_LIKELY_OUTDATED,0.9,Skipped
1138,221,lab.open-roberta.org,200,True,,FEASIBLE,1.0,Accepted
1139,222,ifpr.edu.br,202,True,,UNCERTAIN,0.9,Skipped
1139,223,smallbusiness.co.uk,200,True,,UNCERTAIN,0.9,Skipped
1139,224,picolisp.com,200,True,,WEBSITE_DOWN,1.0,Skipped
1139,225,ec.gc.ca,None,False,connection_error,WEBSITE_DOWN,0.95,Skipped
1139,226,procurement.maryland.gov,200,True,,FEASIBLE,1.0,Accepted
1140,227,volunteerworld.com,403,True,,WEBSITE_DOWN,0.9,Skipped
1140,228,tulsa.tours,200,True,,FEASIBLE,0.9,Skipped
1140,229,travail-emploi.gouv.fr,200,True,,FEASIBLE,0.9,Skipped
1140,230,3dworldmag.com,200,True,,UNCERTAIN,0.0,Skipped
1140,231,taskrabbit.ca,200,True,,UNCERTAIN,0.8,Skipped
1140,232,hotelmonteleone.com,200,True,,UNCERTAIN,0.9,Skipped
1140,233,wch.sa.gov.au,200,True,,UNCERTAIN,1.0,Skipped
1140,234,warlordgames.com,200,True,,CONTENT_LIKELY_OUTDATED,1.0,Skipped
1140,235,moneygeek.com,200,True,,FEASIBLE,1.0,Accepted
1141,236,bennevisdistillery.com,200,True,,FEASIBLE,1.0,Accepted
1142,237,catalog.tamu.edu,200,True,,FEASIBLE,1.0,Accepted
1143,238,britainsfinest.co.uk,200,True,,FEASIBLE,1.0,Accepted
1144,239,presbyterian.org.nz,200,True,,CONTENT_LIKELY_OUTDATED,1.0,Skipped
1144,240,swb.bsz-bw.de,503,False,,WEBSITE_DOWN,1.0,Skipped
1144,241,estiatoriomilos.com,200,True,,WEBSITE_DOWN,1.0,Skipped
1144,242,frometowncouncil.gov.uk,200,True,,UNCERTAIN,1.0,Skipped
1144,243,e.huawei.com,200,True,,CONTENT_LIKELY_OUTDATED,0.9,Skipped
1144,244,crimestatistics.vic.gov.au,200,True,,UNCERTAIN,0.9,Skipped
1144,245,hideouttheatre.com,200,True,,CONTENT_LIKELY_OUTDATED,0.9,Skipped
1144,246,gigsalad.com,200,True,,UNCERTAIN,0.8,Skipped
1144,247,gunsafety.ny.gov,200,True,,FEASIBLE,0.9,Skipped
1144,248,fenixlight.com,200,True,,UNCERTAIN,0.9,Skipped
1144,249,austintheatre.org,403,True,,WEBSITE_DOWN,0.9,Skipped
1144,250,okfoodbank.org,200,True,,FEASIBLE,1.0,Accepted
1145,251,phescreening.blog.gov.uk,200,True,,FEASIBLE,1.0,Accepted
1146,252,purehockey.com,403,True,,WEBSITE_DOWN,0.9,Skipped
1146,253,virginiacraftbrewers.org,200,True,,CONTENT_LIKELY_OUTDATED,1.0,Skipped
1146,254,parents.com,200,True,,UNCERTAIN,1.0,Skipped
1146,255,peterboroughgardenshow.com,200,True,,CONTENT_LIKELY_OUTDATED,1.0,Skipped
1146,256,thedaringkitchen.com,200,True,,FEASIBLE,1.0,Accepted
1147,257,sonymobile.com,403,True,,WEBSITE_DOWN,0.9,Skipped
1147,258,quartertothree.com,200,True,,WEBSITE_DOWN,1.0,Skipped
1147,259,home.unicode.org,200,True,,UNCERTAIN,1.0,Skipped
1147,260,irishsportscouncil.ie,None,False,connection_error,WEBSITE_DOWN,0.95,Skipped
1147,261,mactrast.com,200,True,,FEASIBLE,1.0,Accepted
1148,262,reviewofophthalmology.com,200,True,,FEASIBLE,0.9,Skipped
1148,263,tokyoartbookfair.com,200,True,,UNCERTAIN,1.0,Skipped
1148,264,ethnomir.ru,200,True,,FEASIBLE,1.0,Accepted
1149,265,www2.mattel.com,200,True,,FEASIBLE,1.0,Accepted
1150,266,pingometer.com,200,True,,CONTENT_LIKELY_OUTDATED,0.9,Skipped
1150,267,cardiffhalfmarathon.co.uk,200,True,,CONTENT_LIKELY_OUTDATED,0.8,Skipped
1150,268,seaworldentertainment.com,200,True,,UNCERTAIN,0.9,Skipped
1150,269,news.techworld.com,None,False,connection_error,WEBSITE_DOWN,0.95,Skipped
1150,270,uk.pc.ign.com,503,False,,WEBSITE_DOWN,1.0,Skipped
1150,271,rainforestadventure.com,200,True,,CONTENT_LIKELY_OUTDATED,1.0,Skipped
1150,272,solitaireparadise.com,200,True,,UNCERTAIN,1.0,Skipped
1150,273,dpo.colorado.gov,403,True,,WEBSITE_DOWN,0.9,Skipped
1150,274,hlf.org.uk,None,False,connection_error,WEBSITE_DOWN,0.95,Skipped
1150,275,pano.hermitagemuseum.org,200,True,,UNCERTAIN,0.9,Skipped
1150,276,wi-fi.org,200,True,,UNCERTAIN,1.0,Skipped
1150,277,choosingwisely.org.au,403,True,,WEBSITE_DOWN,0.9,Skipped
1150,278,birdlifemalta.org,200,True,,FEASIBLE,0.9,Skipped
1150,279,clipsal.com,403,True,,WEBSITE_DOWN,0.9,Skipped
1150,280,dayinsure.com,200,True,,FEASIBLE,1.0,Accepted
1151,281,merri-bek.vic.gov.au,200,True,,FEASIBLE,1.0,Accepted
1152,282,subarutelescope.org,200,True,,UNCERTAIN,0.8,Skipped
1152,283,sald-shop.de,200,True,,UNCERTAIN,0.9,Skipped
1152,284,techtelegraph.co.uk,503,False,,WEBSITE_DOWN,1.0,Skipped
1152,285,indiabioscience.org,200,True,,UNCERTAIN,0.8,Skipped
1152,286,cityofgastonia.com,200,True,,UNCERTAIN,1.0,Skipped
1152,287,minagricultura.gov.co,None,False,connection_error,WEBSITE_DOWN,0.95,Skipped
1152,288,mealsonwheels.org.au,200,True,,UNCERTAIN,0.9,Skipped
1152,289,splendidtable.org,200,True,,FEASIBLE,1.0,Accepted
1153,290,aswathdamodaran.blogspot.com,200,True,,CONTENT_LIKELY_OUTDATED,1.0,Skipped
1153,291,gettyimages.ca,200,True,,FEASIBLE,0.9,Skipped
1153,292,worldsbk.com,200,True,,CONTENT_LIKELY_OUTDATED,1.0,Skipped
1153,293,lub.lu.se,200,True,,FEASIBLE,1.0,Accepted
1154,294,publicsector360.com,200,True,,FEASIBLE,1.0,Accepted
1155,295,ombudsman.hk,200,True,,FEASIBLE,0.9,Skipped
1155,296,veoliawatertechnologies.com,None,False,connection_error,WEBSITE_DOWN,0.95,Skipped
1155,297,cabelas.ca,None,False,connection_error,WEBSITE_DOWN,0.95,Skipped
1155,298,formin.finland.fi,None,False,connection_error,WEBSITE_DOWN,0.95,Skipped
1155,299,ncaasports.com,None,False,connection_error,WEBSITE_DOWN,0.95,Skipped
1155,300,efdsearch.senate.gov,None,False,connection_error,WEBSITE_DOWN,0.95,Skipped
1155,301,broadbandcompare.co.nz,None,False,connection_error,WEBSITE_DOWN,0.95,Skipped
1155,302,golfforbeginners.ca,None,False,connection_error,WEBSITE_DOWN,0.95,Skipped
1155,303,mohua.gov.in,None,False,connection_error,WEBSITE_DOWN,0.95,Skipped
1155,304,fara.gov,200,True,,FEASIBLE,1.0,Accepted
1156,305,velocitytruckcenters.com,403,True,,WEBSITE_DOWN,0.9,Skipped
1156,306,sg.geodatenzentrum.de,200,True,,UNCERTAIN,0.9,Skipped
1156,307,asthmacontroltest.com,200,True,,CONTENT_LIKELY_OUTDATED,1.0,Skipped
1156,308,daisydiskapp.com,200,True,,FEASIBLE,1.0,Accepted
1157,309,city.mitaka.lg.jp,None,False,connection_error,WEBSITE_DOWN,0.95,Skipped
1157,310,gpsmycity.com,200,True,,UNCERTAIN,1.0,Skipped
1157,311,cdhb.health.nz,200,True,,WEBSITE_DOWN,1.0,Skipped
1157,312,criminology.oxfordre.com,403,True,,WEBSITE_DOWN,0.9,Skipped
1157,313,garmin.com.tw,200,True,,CONTENT_LIKELY_OUTDATED,0.9,Skipped
1157,314,greatbaikaltrail.org,200,True,,FEASIBLE,0.9,Skipped
1157,315,woolworths.com.au,403,True,,WEBSITE_DOWN,0.9,Skipped
1157,316,warhammertv.com,200,True,,UNCERTAIN,0.9,Skipped
1157,317,storyofstuff.org,200,True,,UNCERTAIN,0.9,Skipped
1157,318,pooleys.com,200,True,,FEASIBLE,0.9,Skipped
1157,319,harrassowitz.de,200,True,,FEASIBLE,1.0,Accepted
1158,320,nhssomerset.nhs.uk,200,True,,FEASIBLE,1.0,Accepted
1159,321,leadership.ucdavis.edu,200,True,,CONTENT_LIKELY_OUTDATED,0.9,Skipped
1159,322,store.canon.co.uk,403,True,,WEBSITE_DOWN,0.9,Skipped
1159,323,childrens.dartmouth-health.org,200,True,,UNCERTAIN,1.0,Skipped
1159,324,calkids.org,200,True,,FEASIBLE,1.0,Accepted
1160,325,brockhole.co.uk,200,True,,CONTENT_LIKELY_OUTDATED,0.9,Skipped
1160,326,lieutenantgovernor.ab.ca,200,True,,FEASIBLE,1.0,Accepted
1161,327,nakamotoinstitute.org,200,True,,FEASIBLE,1.0,Accepted
1162,328,co.monmouth.nj.us,None,False,connection_error,WEBSITE_DOWN,0.95,Skipped
1162,329,irelandwestairport.com,200,True,,UNCERTAIN,1.0,Skipped
1162,330,tofugu.com,200,True,,UNCERTAIN,0.9,Skipped
1162,331,rentometer.com,200,True,,FEASIBLE,1.0,Accepted
1163,332,garanteprivacy.it,None,False,connection_error,WEBSITE_DOWN,0.95,Skipped
1163,333,smu.edu.sg,200,True,,UNCERTAIN,0.8,Skipped
1163,334,womensheartalliance.org,200,True,,CONTENT_LIKELY_OUTDATED,1.0,Skipped
1163,335,yiddishbookcenter.org,200,True,,WEBSITE_DOWN,1.0,Skipped
1163,336,robotics.gatech.edu,200,True,,FEASIBLE,1.0,Accepted
1164,337,redbull.tv,200,True,,UNCERTAIN,0.8,Skipped
1164,338,ca.help.yahoo.com,200,True,,UNCERTAIN,0.9,Skipped
1164,339,bh.wikipedia.org,200,True,,FEASIBLE,1.0,Accepted
1165,340,bridgestone.de,404,True,,WEBSITE_DOWN,1.0,Skipped
1165,341,diabetesdisasterresponse.org,200,True,,FEASIBLE,1.0,Accepted
1166,342,konzolvilag.hu,200,True,,UNCERTAIN,0.9,Skipped
1166,343,studiare-in-italia.it,None,False,connection_error,WEBSITE_DOWN,0.95,Skipped
1166,344,php.org,200,True,,UNCERTAIN,1.0,Skipped
1166,345,bonprix.de,200,True,,UNCERTAIN,0.0,Skipped
1166,346,produce.gob.pe,None,False,connection_error,WEBSITE_DOWN,0.95,Skipped
1166,347,bdadyslexia.org.uk,200,True,,UNCERTAIN,0.9,Skipped
1166,348,caravanrestaurants.co.uk,200,True,,FEASIBLE,0.9,Skipped
1166,349,earthboundfarm.com,200,True,,FEASIBLE,1.0,Accepted
1167,350,dunzo.com,200,True,,UNCERTAIN,1.0,Skipped
1167,351,lafargeholcim-foundation.org,None,False,connection_error,WEBSITE_DOWN,0.95,Skipped
1167,352,kew.org,200,True,,UNCERTAIN,1.0,Skipped
1167,353,davidbrin.com,200,True,,CONTENT_LIKELY_OUTDATED,0.9,Skipped
1167,354,ethnologue.com,200,True,,UNCERTAIN,0.9,Skipped
1167,355,blog.thousandeyes.com,403,True,,WEBSITE_DOWN,0.9,Skipped
1167,356,atlasofsurveillance.org,200,True,,FEASIBLE,1.0,Accepted
1168,357,ravpower.com,200,True,,CONTENT_LIKELY_OUTDATED,0.9,Skipped
1168,358,thalesgroup.com,200,True,,UNCERTAIN,1.0,Skipped
1168,359,arteza.com,200,True,,CONTENT_LIKELY_OUTDATED,0.9,Skipped
1168,360,alpinebank.com,200,True,,FEASIBLE,0.9,Skipped
1168,361,permakultur.at,None,False,connection_error,WEBSITE_DOWN,0.95,Skipped
1168,362,stpaulsschool.org.uk,None,False,connection_error,WEBSITE_DOWN,0.95,Skipped
1168,363,foodtruckr.com,200,True,,CONTENT_LIKELY_OUTDATED,1.0,Skipped
1168,364,chicken.ca,200,True,,UNCERTAIN,1.0,Skipped
1168,365,search.onb.ac.at,200,True,,WEBSITE_DOWN,1.0,Skipped
1168,366,blackriflecoffee.com,200,True,,FEASIBLE,1.0,Accepted
1169,367,dyslexicadvantage.org,200,True,,CONTENT_LIKELY_OUTDATED,1.0,Skipped
1169,368,pbcgov.com,200,True,,UNCERTAIN,0.9,Skipped
1169,369,memphiszoo.org,200,True,,WEBSITE_DOWN,1.0,Skipped
1169,370,litrg.org.uk,200,True,,FEASIBLE,1.0,Accepted
1170,371,teachersdomain.org,None,False,connection_error,WEBSITE_DOWN,0.95,Skipped
1170,372,3ders.org,200,True,,WEBSITE_DOWN,1.0,Skipped
1170,373,de.pdfforge.org,200,True,,FEASIBLE,1.0,Accepted
1171,374,info.med.yale.edu,200,True,,WEBSITE_DOWN,1.0,Skipped
1171,375,images.meredith.com,500,False,,WEBSITE_DOWN,1.0,Skipped
1171,376,discovercentralma.org,200,True,,UNCERTAIN,0.9,Skipped
1171,377,portomontenegro.com,200,True,,FEASIBLE,1.0,Accepted
1172,378,blog.sigplan.org,200,True,,CONTENT_LIKELY_OUTDATED,0.9,Skipped
1172,379,help.tableau.com,200,True,,FEASIBLE,1.0,Accepted
1173,380,cottoninc.com,200,True,,UNCERTAIN,0.9,Skipped
1173,381,next.reality.news,200,True,,FEASIBLE,1.0,Accepted
1174,382,concern.net,200,True,,FEASIBLE,1.0,Accepted
1175,383,northnorthants.gov.uk,200,True,,CONTENT_LIKELY_OUTDATED,0.8,Skipped
1175,384,livingobservatory.org,200,True,,FEASIBLE,1.0,Accepted
1176,385,ethnobiology.org,200,True,,FEASIBLE,1.0,Accepted
1177,386,clintonlibrary.gov,200,True,,FEASIBLE,1.0,Accepted
1178,387,heide.com.au,200,True,,CONTENT_LIKELY_OUTDATED,1.0,Skipped
1178,388,blindbargains.com,200,True,,CONTENT_LIKELY_OUTDATED,1.0,Skipped
1178,389,fec.cd,403,True,,WEBSITE_DOWN,0.9,Skipped
1178,390,chartsbin.com,200,True,,FEASIBLE,1.0,Accepted
1179,391,shopstyle.com,200,True,,UNCERTAIN,1.0,Skipped
1179,392,jeep.com.ar,None,False,connection_error,WEBSITE_DOWN,0.95,Skipped
1179,393,krmg.com,200,True,,CONTENT_LIKELY_OUTDATED,0.9,Skipped
1179,394,associationforjewishstudies.org,200,True,,CONTENT_LIKELY_OUTDATED,0.9,Skipped
1179,395,rentseeker.ca,200,True,,FEASIBLE,0.9,Skipped
1179,396,international.cnrs.fr,None,False,"HTTPSConnectionPool(host='international.cnrs.fr',",WEBSITE_DOWN,0.95,Skipped
1179,397,medicine.wsu.edu,200,True,,FEASIBLE,1.0,Accepted
1180,398,cia.gov,200,True,,UNCERTAIN,0.9,Skipped
1180,399,sydneyartsguide.com.au,200,True,,CONTENT_LIKELY_OUTDATED,0.9,Skipped
1180,400,governmentjobs.com,200,True,,UNCERTAIN,1.0,Skipped
1180,401,charlotteparent.com,200,True,,WEBSITE_DOWN,1.0,Skipped
1180,402,obscuresound.com,200,True,,CONTENT_LIKELY_OUTDATED,1.0,Skipped
1180,403,givemesport.com,200,True,,CONTENT_LIKELY_OUTDATED,1.0,Skipped
1180,404,southernhealth.nhs.uk,200,True,,UNCERTAIN,0.9,Skipped
1180,405,greenseal.org,200,True,,UNCERTAIN,1.0,Skipped
1180,406,panda.org.au,200,True,,FEASIBLE,1.0,Accepted
1181,407,goblackbears.com,200,True,,FEASIBLE,0.9,Skipped
1181,408,agr.state.tx.us,200,True,,WEBSITE_DOWN,1.0,Skipped
1181,409,cookeseafood.com,200,True,,WEBSITE_DOWN,1.0,Skipped
1181,410,e-codices.ch,200,True,,WEBSITE_DOWN,1.0,Skipped
1181,411,lifespa.com,403,True,,WEBSITE_DOWN,0.9,Skipped
1181,412,marathon4you.de,200,True,,UNCERTAIN,0.9,Skipped
1181,413,googlemaps.com,200,True,,UNCERTAIN,0.9,Skipped
1181,414,jobsandskills.wa.gov.au,200,True,,UNCERTAIN,0.0,Skipped
1181,415,chillys.com,200,True,,UNCERTAIN,0.9,Skipped
1181,416,articles.baltimoresun.com,503,False,,WEBSITE_DOWN,1.0,Skipped
1181,417,museum.odense.dk,None,False,connection_error,WEBSITE_DOWN,0.95,Skipped
1181,418,bruitparif.fr,200,True,,UNCERTAIN,1.0,Skipped
1181,419,logement.gouv.fr,200,True,,FEASIBLE,1.0,Accepted
1182,420,auto.ru,200,True,,UNCERTAIN,1.0,Skipped
1182,421,brainrules.blogspot.com,200,True,,FEASIBLE,1.0,Accepted
1183,422,rarebookschool.org,200,True,,UNCERTAIN,0.8,Skipped
1183,423,stratford.ca,200,True,,UNCERTAIN,1.0,Skipped
1183,424,europass.lu,200,True,,CONTENT_LIKELY_OUTDATED,0.9,Skipped
1183,425,islandsmoothiecafe.com,200,True,,UNCERTAIN,1.0,Skipped
1183,426,westchesterlibraries.org,None,False,connection_error,WEBSITE_DOWN,0.95,Skipped
1183,427,cooperatornews.com,200,True,,CONTENT_LIKELY_OUTDATED,0.9,Skipped
1183,428,chesterfield.gov,200,True,,UNCERTAIN,0.0,Skipped
1183,429,therams.com,200,True,,UNCERTAIN,0.0,Skipped
1183,430,kde-apps.org,200,True,,WEBSITE_DOWN,1.0,Skipped
1183,431,arrowexterminators.com,200,True,,FEASIBLE,1.0,Accepted
1184,432,coachcanada.com,200,True,,FEASIBLE,1.0,Accepted
1185,433,xwordinfo.com,200,True,,UNCERTAIN,0.9,Skipped
1185,434,hitechglitz.com,403,True,,WEBSITE_DOWN,0.9,Skipped
1185,435,kaartje2go.be,200,True,,FEASIBLE,0.9,Skipped
1185,436,themereview.co,200,True,,UNCERTAIN,1.0,Skipped
1185,437,twomenandatruck.ca,200,True,,UNCERTAIN,0.0,Skipped
1185,438,brainchip.com,200,True,,FEASIBLE,1.0,Accepted
1186,439,bayer.com,403,True,,WEBSITE_DOWN,0.9,Skipped
1186,440,seedsofpeace.org,200,True,,UNCERTAIN,1.0,Skipped
1186,441,gymboree.com,200,True,,CONTENT_LIKELY_OUTDATED,0.9,Skipped
1186,442,iamafoodblog.com,200,True,,FEASIBLE,0.9,Skipped
1186,443,de.forvo.com,200,True,,FEASIBLE,0.9,Skipped
1186,444,katowice.eu,200,True,,UNCERTAIN,0.9,Skipped
1186,445,boots-uk.com,200,True,,UNCERTAIN,0.9,Skipped
1186,446,volkswagen.it,200,True,,FEASIBLE,1.0,Accepted
1187,447,caregiving.com,200,True,,UNCERTAIN,0.9,Skipped
1187,448,docinsider.de,200,True,,FEASIBLE,0.9,Skipped
1187,449,womeninretail.com,200,True,,FEASIBLE,1.0,Accepted
1188,450,worldle.teuteuf.fr,200,True,,UNCERTAIN,0.0,Skipped
1188,451,experienceneworleans.com,200,True,,CONTENT_LIKELY_OUTDATED,0.9,Skipped
1188,452,amazon.es,200,True,,UNCERTAIN,1.0,Skipped
1188,453,gunsnroses.com,200,True,,UNCERTAIN,0.9,Skipped
1188,454,ageoptions.org,200,True,,UNCERTAIN,0.0,Skipped
1188,455,crec.ifas.ufl.edu,200,True,,FEASIBLE,1.0,Accepted
1189,456,assemblyscript.org,200,True,,FEASIBLE,1.0,Accepted
1190,457,charleskochfoundation.org,200,True,,FEASIBLE,1.0,Accepted
1191,458,anthempress.com,200,True,,UNCERTAIN,1.0,Skipped
1191,459,ncptt.nps.gov,None,False,connection_error,WEBSITE_DOWN,0.95,Skipped
1191,460,sleddogcentral.com,None,False,connection_error,WEBSITE_DOWN,0.95,Skipped
1191,461,bismarcknd.gov,200,True,,CONTENT_LIKELY_OUTDATED,1.0,Skipped
1191,462,glutenfreeandmore.com,200,True,,FEASIBLE,1.0,Accepted
1192,463,aslef.org.uk,200,True,,UNCERTAIN,0.8,Skipped
1192,464,thonny.org,200,True,,FEASIBLE,1.0,Accepted
1193,465,beinghumanfestival.org,200,True,,FEASIBLE,1.0,Accepted
1194,466,familyhomeplans.com,403,True,,WEBSITE_DOWN,0.9,Skipped
1194,467,theodysseynews.com,200,True,,FEASIBLE,1.0,Accepted
1195,468,natracare.com,200,True,,FEASIBLE,1.0,Accepted
1196,469,slon.ru,None,False,"HTTPSConnectionPool(host='republic.ru',",WEBSITE_DOWN,0.95,Skipped
1196,470,ft.lk,200,True,,UNCERTAIN,0.0,Skipped
1196,471,sigma.nursingrepository.org,200,True,,WEBSITE_DOWN,1.0,Skipped
1196,472,puzzle-binairo.com,200,True,,UNCERTAIN,1.0,Skipped
1196,473,melissaisd.org,200,True,,CONTENT_LIKELY_OUTDATED,1.0,Skipped
1196,474,jeld-wen.com,200,True,,FEASIBLE,1.0,Accepted
1197,475,registrar.txst.edu,200,True,,CONTENT_LIKELY_OUTDATED,0.9,Skipped
1197,476,global.xgimi.com,200,True,,FEASIBLE,0.9,Skipped
1197,477,heartmath.org,200,True,,WEBSITE_DOWN,1.0,Skipped
1197,478,myhero.com,200,True,,FEASIBLE,1.0,Accepted
1198,479,axisdance.org,200,True,,WEBSITE_DOWN,1.0,Skipped
1198,480,alopecia.org.uk,403,True,,WEBSITE_DOWN,0.9,Skipped
1198,481,prostatecanceruk.org,200,True,,FEASIBLE,1.0,Accepted
1199,482,mootools.net,200,True,,UNCERTAIN,0.9,Skipped
1199,483,freechess.org,200,True,,CONTENT_LIKELY_OUTDATED,0.9,Skipped
1199,484,butlercc.edu,200,True,,UNCERTAIN,1.0,Skipped
1199,485,legistar.council.nyc.gov,200,True,,FEASIBLE,1.0,Accepted
1200,486,passportjs.org,200,True,,UNCERTAIN,0.9,Skipped
1200,487,icraftgifts.com,200,True,,FEASIBLE,1.0,Accepted
1201,488,westend61.de,200,True,,WEBSITE_DOWN,1.0,Skipped
1201,489,calgaryjournal.ca,200,True,,UNCERTAIN,0.9,Skipped
1201,490,parkplaza.com,200,True,,UNCERTAIN,0.0,Skipped
1201,491,davelongphoto.com,200,True,,UNCERTAIN,0.0,Skipped
1201,492,nintendo.fr,200,True,,WEBSITE_DOWN,1.0,Skipped
1201,493,projects.seattletimes.com,200,True,,FEASIBLE,1.0,Accepted
1202,494,hopeair.ca,200,True,,UNCERTAIN,0.9,Skipped
1202,495,nationalselfstorage.com,200,True,,FEASIBLE,1.0,Accepted
1203,496,apmex.com,403,True,,WEBSITE_DOWN,0.9,Skipped
1203,497,wanderlab.travel,200,True,,FEASIBLE,1.0,Accepted
1204,498,sandia.gov,None,False,"HTTPSConnectionPool(host='sandia.gov',",WEBSITE_DOWN,0.95,Skipped
1204,499,climateactive.org.au,None,False,timeout,WEBSITE_DOWN,0.95,Skipped
1204,500,alnatura.ch,200,True,,WEBSITE_DOWN,1.0,Skipped
1204,501,help.desmos.com,200,True,,UNCERTAIN,0.9,Skipped
1204,502,alerts.esa.int,None,False,"HTTPSConnectionPool(host='alerts.esa.int',",WEBSITE_DOWN,0.95,Skipped
1204,503,pamf.org,None,False,connection_error,WEBSITE_DOWN,0.95,Skipped
1204,504,genealogy.azdhs.gov,403,True,,WEBSITE_DOWN,0.9,Skipped
1204,505,typeinvestigations.org,200,True,,CONTENT_LIKELY_OUTDATED,0.9,Skipped
1204,506,uscode.ecfr.io,200,True,,WEBSITE_DOWN,1.0,Skipped
1204,507,powermin.gov.in,None,False,connection_error,WEBSITE_DOWN,0.95,Skipped
1204,508,web-beta.archive.org,403,True,,WEBSITE_DOWN,0.9,Skipped
1204,509,tentree.ca,200,True,,FEASIBLE,0.9,Skipped
1204,510,edu.google.com,200,True,,CONTENT_LIKELY_OUTDATED,0.9,Skipped
1204,511,tajin.com,None,False,connection_error,WEBSITE_DOWN,0.95,Skipped
1204,512,postalmuseum.jp,200,True,,CONTENT_LIKELY_OUTDATED,1.0,Skipped
1204,513,workwithusaid.gov,None,False,connection_error,WEBSITE_DOWN,0.95,Skipped
1204,514,quickmap.lroc.asu.edu,200,True,,CONTENT_LIKELY_OUTDATED,1.0,Skipped
1204,515,pure.manchester.ac.uk,200,True,,WEBSITE_DOWN,1.0,Skipped
1204,516,lovieawards.eu,200,True,,CONTENT_LIKELY_OUTDATED,0.9,Skipped
1204,517,ncleg.gov,403,True,,WEBSITE_DOWN,0.9,Skipped
1204,518,mediarelations.cornell.edu,200,True,,CONTENT_LIKELY_OUTDATED,1.0,Skipped
1204,519,loveandlogic.com,200,True,,UNCERTAIN,0.9,Skipped
1204,520,pinterest.it,200,True,,WEBSITE_DOWN,1.0,Skipped
1204,521,cyberstates.org,200,True,,FEASIBLE,1.0,Accepted
1205,522,elt.eso.org,200,True,,UNCERTAIN,0.9,Skipped
1205,523,blog.cifor.org,200,True,,WEBSITE_DOWN,1.0,Skipped
1205,524,keyence.eu,403,True,,WEBSITE_DOWN,0.9,Skipped
1205,525,genderjustice.georgetown.edu,200,True,,FEASIBLE,1.0,Accepted
1206,526,pngmini.com,200,True,,CONTENT_LIKELY_OUTDATED,1.0,Skipped
1206,527,openhab.org,200,True,,FEASIBLE,0.9,Skipped
1206,528,cityofalbany.net,200,True,,CONTENT_LIKELY_OUTDATED,0.9,Skipped
1206,529,cbu.edu,200,True,,UNCERTAIN,0.8,Skipped
1206,530,arts.ny.gov,200,True,,CONTENT_LIKELY_OUTDATED,1.0,Skipped
1206,531,virtualizationadmin.com,None,False,connection_error,WEBSITE_DOWN,0.95,Skipped
1206,532,tofutti.com,200,True,,FEASIBLE,1.0,Accepted
1207,533,viessmann.com.tr,200,True,,FEASIBLE,1.0,Accepted
1208,534,sanders.senate.gov,403,True,,WEBSITE_DOWN,0.9,Skipped
1208,535,bwv.de,200,True,,CONTENT_LIKELY_OUTDATED,0.9,Skipped
1208,536,splashytemplates.com,200,True,,CONTENT_LIKELY_OUTDATED,0.9,Skipped
1208,537,imagecomics.com,200,True,,UNCERTAIN,0.9,Skipped
1208,538,allianceforscience.org,200,True,,FEASIBLE,0.9,Skipped
1208,539,smartvoter.org,None,False,connection_error,WEBSITE_DOWN,0.95,Skipped
1208,540,iloveny.com,200,True,,FEASIBLE,1.0,Accepted
1209,541,religion-online.org,200,True,,FEASIBLE,1.0,Accepted
1210,542,gallup-international.com,200,True,,FEASIBLE,1.0,Accepted
1211,543,nobel.nl,200,True,,FEASIBLE,1.0,Accepted
1212,544,wwebserver.rilin.state.ri.us,None,False,connection_error,WEBSITE_DOWN,0.95,Skipped
1212,545,seatacwa.gov,403,True,,WEBSITE_DOWN,0.9,Skipped
1212,546,blog.evernote.com,200,True,,FEASIBLE,1.0,Accepted
1213,547,evgrieve.com,200,True,,CONTENT_LIKELY_OUTDATED,0.8,Skipped
1213,548,smartconservationtools.org,200,True,,FEASIBLE,1.0,Accepted
1214,549,lescienze.it,200,True,,WEBSITE_DOWN,1.0,Skipped
1214,550,ok.metinfo.cn,200,True,,UNCERTAIN,0.0,Skipped
1214,551,virtualsalt.com,200,True,,FEASIBLE,1.0,Accepted
1215,552,hitachi-metals.co.jp,None,False,connection_error,WEBSITE_DOWN,0.95,Skipped
1215,553,free-barcode.com,200,True,,WEBSITE_DOWN,1.0,Skipped
1215,554,wlf.louisiana.gov,403,True,,WEBSITE_DOWN,0.9,Skipped
1215,555,photoshopdisasters.blogspot.com,200,True,,FEASIBLE,0.9,Skipped
1215,556,consumer.healthday.com,200,True,,FEASIBLE,0.9,Skipped
1215,557,action.alz.org,414,True,,WEBSITE_DOWN,1.0,Skipped
1215,558,alpackaraft.com,200,True,,FEASIBLE,1.0,Accepted
1216,559,asus.com.tw,None,False,connection_error,WEBSITE_DOWN,0.95,Skipped
1216,560,airships.net,200,True,,UNCERTAIN,0.0,Skipped
1216,561,hiltonodaiba.jp,200,True,,CONTENT_LIKELY_OUTDATED,1.0,Skipped
1216,562,gansevoorthotelgroup.com,200,True,,UNCERTAIN,0.9,Skipped
1216,563,mindsetkit.org,200,True,,FEASIBLE,0.0,Skipped
1216,564,de.squarespace.com,200,True,,CONTENT_LIKELY_OUTDATED,1.0,Skipped
1216,565,ajol.info,200,True,,WEBSITE_DOWN,1.0,Skipped
1216,566,newsinfo.iu.edu,200,True,,CONTENT_LIKELY_OUTDATED,1.0,Skipped
1216,567,clas.ufl.edu,200,True,,UNCERTAIN,0.8,Skipped
1216,568,nhbc.co.uk,200,True,,CONTENT_LIKELY_OUTDATED,0.9,Skipped
1216,569,city.konan.lg.jp,None,False,connection_error,WEBSITE_DOWN,0.95,Skipped
1216,570,metalarchitecture.com,200,True,,UNCERTAIN,0.9,Skipped
1216,571,visittongeren.be,200,True,,UNCERTAIN,1.0,Skipped
1216,572,globalrecalls.oecd.org,200,True,,FEASIBLE,1.0,Accepted
1217,573,mineaction.org,200,True,,CONTENT_LIKELY_OUTDATED,1.0,Skipped
1217,574,jizdnirady.cz,None,False,connection_error,WEBSITE_DOWN,0.95,Skipped
1217,575,ask2.extension.org,None,False,connection_error,WEBSITE_DOWN,0.95,Skipped
1217,576,estc.bl.uk,200,True,,FEASIBLE,1.0,Accepted
1218,577,protectedplanet.net,200,True,,UNCERTAIN,0.9,Skipped
1218,578,icnirp.de,200,True,,CONTENT_LIKELY_OUTDATED,0.9,Skipped
1218,579,sequestration.mit.edu,200,True,,CONTENT_LIKELY_OUTDATED,1.0,Skipped
1218,580,searchcode.com,200,True,,CONTENT_LIKELY_OUTDATED,1.0,Skipped
1218,581,foodswinesfromspain.com,None,False,connection_error,WEBSITE_DOWN,0.95,Skipped
1218,582,nursing.usc.edu,200,True,,FEASIBLE,0.9,Skipped
1218,583,publications.ecn.nl,200,True,,FEASIBLE,1.0,Accepted
1219,584,txrestaurant.org,200,True,,FEASIBLE,1.0,Accepted
1220,585,nhia.org,200,True,,FEASIBLE,1.0,Accepted
1221,586,mauihumanesociety.org,200,True,,UNCERTAIN,0.9,Skipped
1221,587,sao.texas.gov,None,False,connection_error,WEBSITE_DOWN,0.95,Skipped
1221,588,dieprignitz.de,200,True,,FEASIBLE,1.0,Accepted
1222,589,healthway.wa.gov.au,200,True,,FEASIBLE,1.0,Accepted
1223,590,janeausten.co.uk,200,True,,FEASIBLE,1.0,Accepted
1224,591,meppen.de,200,True,,FEASIBLE,1.0,Accepted
1225,592,watertechonline.com,200,True,,CONTENT_LIKELY_OUTDATED,0.9,Skipped
1225,593,eventfinda.co.nz,202,True,,UNCERTAIN,0.0,Skipped
1225,594,supertext.ch,200,True,,FEASIBLE,1.0,Accepted
1226,595,eyecare4kids.org,200,True,,UNCERTAIN,0.9,Skipped
1226,596,dos.state.fl.us,None,False,"HTTPSConnectionPool(host='dos.state.fl.us',",WEBSITE_DOWN,0.95,Skipped
1226,597,dailycommercial.com,403,True,,WEBSITE_DOWN,0.9,Skipped
1226,598,fox29.com,200,True,,CONTENT_LIKELY_OUTDATED,1.0,Skipped
1226,599,visitcoruna.com,200,True,,UNCERTAIN,0.9,Skipped
1226,600,opencores.org,200,True,,UNCERTAIN,1.0,Skipped
1226,601,translate.google.com.ar,200,True,,FEASIBLE,1.0,Accepted
1227,602,total-slovenia-news.com,525,False,,WEBSITE_DOWN,1.0,Skipped
1227,603,covergirl.com,200,True,,UNCERTAIN,1.0,Skipped
1227,604,andersen.sdu.dk,200,True,,UNCERTAIN,1.0,Skipped
1227,605,np-paklenica.hr,200,True,,FEASIBLE,1.0,Accepted
1228,606,mmm.com,None,False,connection_error,WEBSITE_DOWN,0.95,Skipped
1228,607,wp.org,200,True,,FEASIBLE,1.0,Accepted
1229,608,malba.org.ar,200,True,,CONTENT_LIKELY_OUTDATED,1.0,Skipped
1229,609,open.cdash.org,200,True,,FEASIBLE,1.0,Accepted
1230,610,listerine.com,200,True,,FEASIBLE,0.9,Skipped
1230,611,orthonebraska.com,200,True,,FEASIBLE,1.0,Accepted
1231,612,provost.uiowa.edu,200,True,,CONTENT_LIKELY_OUTDATED,1.0,Skipped
1231,613,naturevalley.com,200,True,,UNCERTAIN,0.9,Skipped
1231,614,info.sen.ca.gov,None,False,connection_error,WEBSITE_DOWN,0.95,Skipped
1231,615,royalexchange.co.uk,200,True,,CONTENT_LIKELY_OUTDATED,1.0,Skipped
1231,616,seaguar.com,200,True,,UNCERTAIN,0.9,Skipped
1231,617,katespade.co.uk,403,True,,WEBSITE_DOWN,0.9,Skipped
1231,618,goldenvoice.com,200,True,,FEASIBLE,0.9,Skipped
1231,619,milkenreview.org,None,False,connection_error,WEBSITE_DOWN,0.95,Skipped
1231,620,emnrd.nm.gov,200,True,,UNCERTAIN,0.9,Skipped
1231,621,cbsnews.com,200,True,,CONTENT_LIKELY_OUTDATED,0.9,Skipped
1231,622,thetravelhack.com,200,True,,FEASIBLE,1.0,Accepted
1232,623,porthole.com,200,True,,CONTENT_LIKELY_OUTDATED,0.9,Skipped
1232,624,eatyourselfskinny.com,200,True,,FEASIBLE,1.0,Accepted
1233,625,salud.pr.gov,None,False,connection_error,WEBSITE_DOWN,0.95,Skipped
1233,626,zentralbahn.ch,200,True,,FEASIBLE,1.0,Accepted
1234,627,kirby.com,200,True,,UNCERTAIN,0.0,Skipped
1234,628,arla.com,200,True,,FEASIBLE,0.9,Skipped
1234,629,districts.bythenumbers.sco.ca.gov,200,True,,UNCERTAIN,0.8,Skipped
1234,630,projectinclude.org,200,True,,FEASIBLE,1.0,Accepted
1235,631,cleanmyspace.com,200,True,,FEASIBLE,0.9,Skipped
1235,632,computerdealernews.com,200,True,,CONTENT_LIKELY_OUTDATED,1.0,Skipped
1235,633,posterpage.ch,200,True,,WEBSITE_DOWN,1.0,Skipped
1235,634,doctrineofdiscovery.org,200,True,,FEASIBLE,0.9,Skipped
1235,635,yogaaccessories.com,200,True,,FEASIBLE,1.0,Accepted
1236,636,worldfuturecouncil.org,200,True,,UNCERTAIN,0.0,Skipped
1236,637,syngenta.com.br,403,True,,WEBSITE_DOWN,0.9,Skipped
1236,638,therockrestaurantzanzibar.com,200,True,,FEASIBLE,1.0,Accepted
1237,639,americanpregnancy.org,200,True,,FEASIBLE,0.9,Skipped
1237,640,bak.admin.ch,None,False,connection_error,WEBSITE_DOWN,0.95,Skipped
1237,641,earther.com,200,True,,UNCERTAIN,0.9,Skipped
1237,642,mdot.maryland.gov,403,True,,WEBSITE_DOWN,0.9,Skipped
1237,643,hpsmart.com,200,True,,UNCERTAIN,1.0,Skipped
1237,644,bosch-homecomfort.se,200,True,,CONTENT_LIKELY_OUTDATED,1.0,Skipped
1237,645,cut-the-knot.com,200,True,,FEASIBLE,1.0,Accepted
1238,646,chem4kids.com,200,True,,WEBSITE_DOWN,1.0,Skipped
1238,647,understandinguncertainty.org,200,True,,FEASIBLE,1.0,Accepted
1239,648,pomorskie.eu,200,True,,UNCERTAIN,1.0,Skipped
1239,649,preventioncentre.org.au,200,True,,UNCERTAIN,1.0,Skipped
1239,650,freecampsites.net,200,True,,FEASIBLE,1.0,Accepted
1240,651,treaties.un.org,200,True,,CONTENT_LIKELY_OUTDATED,1.0,Skipped
1240,652,nationalmuseum.af.mil,None,False,connection_error,WEBSITE_DOWN,0.95,Skipped
1240,653,tipitaka.org,200,True,,FEASIBLE,0.8,Skipped
1240,654,ptv.vic.gov.au,200,True,,UNCERTAIN,0.9,Skipped
1240,655,ladiesgaelic.ie,200,True,,UNCERTAIN,0.9,Skipped
1240,656,faq.wordpress.com,200,True,,UNCERTAIN,1.0,Skipped
1240,657,momondo.ro,200,True,,CONTENT_LIKELY_OUTDATED,0.9,Skipped
1240,658,raffertylighting.net,200,True,,CONTENT_LIKELY_OUTDATED,1.0,Skipped
1240,659,nowfashion.com,200,True,,CONTENT_LIKELY_OUTDATED,0.9,Skipped
1240,660,onlinegdb.com,200,True,,FEASIBLE,1.0,Accepted
1241,661,nordgreen.com,200,True,,FEASIBLE,0.9,Skipped
1241,662,horseequipment.eu,200,True,,WEBSITE_DOWN,1.0,Skipped
1241,663,qantas.com.au,200,True,,FEASIBLE,1.0,Accepted
1242,664,tuxedo.menswearhouse.com,200,True,,UNCERTAIN,0.0,Skipped
1242,665,visitvarmland.com,200,True,,CONTENT_LIKELY_OUTDATED,0.9,Skipped
1242,666,pressebox.de,200,True,,FEASIBLE,0.9,Skipped
1242,667,columbiaforestproducts.com,200,True,,FEASIBLE,1.0,Accepted
1243,668,converter.eu,200,True,,CONTENT_LIKELY_OUTDATED,0.9,Skipped
1243,669,leibinger-stiftung.de,200,True,,FEASIBLE,1.0,Accepted
1244,670,aisleplanner.com,200,True,,UNCERTAIN,1.0,Skipped
1244,671,alt-codes.net,200,True,,FEASIBLE,1.0,Accepted
1245,672,themarysue.com,200,True,,FEASIBLE,1.0,Accepted
1246,673,whatagirleats.com,200,True,,FEASIBLE,0.9,Skipped
1246,674,deloittedigital.com,200,True,,UNCERTAIN,1.0,Skipped
1246,675,games.disney.com,200,True,,UNCERTAIN,0.9,Skipped
1246,676,leoniedawson.com,200,True,,FEASIBLE,1.0,Accepted
1247,677,craftbeermarketingawards.com,200,True,,CONTENT_LIKELY_OUTDATED,1.0,Skipped
1247,678,creative-europe-desk.de,200,True,,CONTENT_LIKELY_OUTDATED,1.0,Skipped
1247,679,elbphilharmonie.de,200,True,,FEASIBLE,0.9,Skipped
1247,680,bakemag.com,200,True,,WEBSITE_DOWN,1.0,Skipped
1247,681,volkswagen-classic-parts.de,None,False,connection_error,WEBSITE_DOWN,0.95,Skipped
1247,682,addsaltaddpepper.com,200,True,,UNCERTAIN,1.0,Skipped
1247,683,univ-tlse3.fr,200,True,,FEASIBLE,1.0,Accepted
1248,684,promark.com,None,False,connection_error,WEBSITE_DOWN,0.95,Skipped
1248,685,ukcip.org.uk,400,True,,WEBSITE_DOWN,1.0,Skipped
1248,686,lastminutetravel.com,None,False,connection_error,WEBSITE_DOWN,0.95,Skipped
1248,687,cleantheworld.org,200,True,,CONTENT_LIKELY_OUTDATED,0.9,Skipped
1248,688,washingtoninstitute.org,200,True,,UNCERTAIN,0.8,Skipped
1248,689,wildfiresituation.nrs.gov.bc.ca,200,True,,FEASIBLE,1.0,Accepted
1249,690,networldsports.co.uk,200,True,,UNCERTAIN,1.0,Skipped
1249,691,manhattanbp.nyc.gov,200,True,,CONTENT_LIKELY_OUTDATED,0.9,Skipped
1249,692,musashino-u.ac.jp,None,False,connection_error,WEBSITE_DOWN,0.95,Skipped
1249,693,homes-and-villas.marriott.com,200,True,,FEASIBLE,0.9,Skipped
1249,694,modernhoney.com,200,True,,UNCERTAIN,0.9,Skipped
1249,695,arts.ualberta.ca,None,False,connection_error,WEBSITE_DOWN,0.95,Skipped
1249,696,blast.ncbi.nlm.nih.gov,200,True,,FEASIBLE,1.0,Accepted
1250,697,nbcnewyork.com,200,True,,UNCERTAIN,1.0,Skipped
1250,698,mdarchives.state.md.us,200,True,,UNCERTAIN,1.0,Skipped
1250,699,blog.counter-strike.net,200,True,,CONTENT_LIKELY_OUTDATED,0.9,Skipped
1250,700,sugarbowl.com,200,True,,FEASIBLE,1.0,Accepted
1251,701,lsb.state.ok.us,None,False,connection_error,WEBSITE_DOWN,0.95,Skipped
1251,702,gtaa.com,200,True,,UNCERTAIN,0.0,Skipped
1251,703,sanjosehockeynow.com,200,True,,UNCERTAIN,0.8,Skipped
1251,704,tierpark-berlin.de,200,True,,FEASIBLE,0.9,Skipped
1251,705,nationalceliac.org,200,True,,UNCERTAIN,0.9,Skipped
1251,706,dyslexia.uk.net,200,True,,FEASIBLE,1.0,Accepted
1252,707,spring.org.uk,200,True,,FEASIBLE,1.0,Accepted
1253,708,asme.org,200,True,,UNCERTAIN,0.8,Skipped
1253,709,chem.yale.edu,200,True,,FEASIBLE,1.0,Accepted
1254,710,bikepark.saalfelden-leogang.com,200,True,,FEASIBLE,1.0,Accepted
1255,711,octanorm.com,None,False,connection_error,WEBSITE_DOWN,0.95,Skipped
1255,712,library.njit.edu,200,True,,UNCERTAIN,0.9,Skipped
1255,713,stpetepier.org,200,True,,UNCERTAIN,1.0,Skipped
1255,714,worldpoliticsreview.com,200,True,,UNCERTAIN,0.9,Skipped
1255,715,maximintegrated.com,None,False,timeout,WEBSITE_DOWN,0.95,Skipped
1255,716,business.yellowpages.ca,200,True,,CONTENT_LIKELY_OUTDATED,0.9,Skipped
1255,717,apstudents.collegeboard.org,200,True,,FEASIBLE,1.0,Accepted
1256,718,childrensbooksireland.ie,200,True,,CONTENT_LIKELY_OUTDATED,0.9,Skipped
1256,719,allegrettovineyardresort.com,200,True,,FEASIBLE,1.0,Accepted
1257,720,designrulz.com,200,True,,UNCERTAIN,0.9,Skipped
1257,721,spca.bc.ca,200,True,,FEASIBLE,1.0,Accepted
1258,722,johnlangdon.net,200,True,,FEASIBLE,1.0,Accepted
1259,723,cvc.cervantes.es,200,True,,WEBSITE_DOWN,1.0,Skipped
1259,724,wiley.co.jp,200,True,,FEASIBLE,1.0,Accepted
1260,725,caia.org,200,True,,UNCERTAIN,0.8,Skipped
1260,726,myvoterinformation.alaska.gov,200,True,,UNCERTAIN,0.9,Skipped
1260,727,melbournefoodandwine.com.au,200,True,,CONTENT_LIKELY_OUTDATED,1.0,Skipped
1260,728,eventbrite.fr,200,True,,FEASIBLE,0.9,Skipped
1260,729,prague-airport-transfers.co.uk,200,True,,CONTENT_LIKELY_OUTDATED,0.9,Skipped
1260,730,sysadminday.com,200,True,,FEASIBLE,1.0,Accepted
1261,731,siemens.be,None,False,"HTTPConnectionPool(host='siemens.be',",WEBSITE_DOWN,0.95,Skipped
1261,732,plantzafrica.com,200,True,,CONTENT_LIKELY_OUTDATED,0.9,Skipped
1261,733,support.moniker.com,200,True,,UNCERTAIN,0.0,Skipped
1261,734,britishswimming.org,200,True,,CONTENT_LIKELY_OUTDATED,0.9,Skipped
1261,735,toyota.co.nz,200,True,,UNCERTAIN,0.8,Skipped
1261,736,support.trustwave.com,200,True,,CONTENT_LIKELY_OUTDATED,0.9,Skipped
1261,737,morningchores.com,200,True,,UNCERTAIN,0.9,Skipped
1261,738,cityofharrisonmi.org,200,True,,CONTENT_LIKELY_OUTDATED,1.0,Skipped
1261,739,zdnet.com.com,200,True,,CONTENT_LIKELY_OUTDATED,1.0,Skipped
1261,740,orlandoairports.net,None,False,"HTTPSConnectionPool(host='orlandoairports.net',",WEBSITE_DOWN,0.95,Skipped
1261,741,healthpovertyaction.org,200,True,,FEASIBLE,1.0,Accepted
1262,742,adidas.pt,403,True,,WEBSITE_DOWN,0.9,Skipped
1262,743,nidi.nl,200,True,,FEASIBLE,0.9,Skipped
1262,744,centennialbulb.org,200,True,,UNCERTAIN,1.0,Skipped
1262,745,careers.appstate.edu,200,True,,FEASIBLE,1.0,Accepted
1263,746,goodfridayappeal.com.au,200,True,,FEASIBLE,1.0,Accepted
1264,747,venturesafrica.com,526,False,,WEBSITE_DOWN,1.0,Skipped
1264,748,codebeautify.org,200,True,,FEASIBLE,0.9,Skipped
1264,749,shopify.co.za,200,True,,FEASIBLE,1.0,Accepted
1265,750,globalpost.com,200,True,,WEBSITE_DOWN,1.0,Skipped
1265,751,land.copernicus.eu,200,True,,UNCERTAIN,0.8,Skipped
1265,752,preis-meister.de,None,False,connection_error,WEBSITE_DOWN,0.95,Skipped
1265,753,vault.sportsillustrated.cnn.com,None,False,connection_error,WEBSITE_DOWN,0.95,Skipped
1265,754,goodcheapeats.com,200,True,,UNCERTAIN,0.9,Skipped
1265,755,calgarytransit.com,200,True,,FEASIBLE,1.0,Accepted
1266,756,sdgenews.com,200,True,,CONTENT_LIKELY_OUTDATED,0.9,Skipped
1266,757,capitolnewsillinois.com,200,True,,FEASIBLE,1.0,Accepted
1267,758,unido.org,200,True,,UNCERTAIN,0.9,Skipped
1267,759,charlesriverapparel.com,200,True,,FEASIBLE,1.0,Accepted
1268,760,hansgrohe.com,403,True,,WEBSITE_DOWN,0.9,Skipped
1268,761,northstarwindows.com,200,True,,UNCERTAIN,0.9,Skipped
1268,762,wa.gov.au,200,True,,FEASIBLE,1.0,Accepted
1269,763,kxci.org,200,True,,FEASIBLE,0.9,Skipped
1269,764,szdc.cz,None,False,"HTTPSConnectionPool(host='szdc.cz',",WEBSITE_DOWN,0.95,Skipped
1269,765,ancientscripts.com,None,False,connection_error,WEBSITE_DOWN,0.95,Skipped
1269,766,visitguam.jp,200,True,,UNCERTAIN,0.9,Skipped
1269,767,tourismewallonie.be,200,True,,FEASIBLE,1.0,Accepted
1270,768,hawaiianairlines.co.jp,403,True,,WEBSITE_DOWN,0.9,Skipped
1270,769,redbridge.gov.uk,200,True,,UNCERTAIN,0.9,Skipped
1270,770,texascasa.org,200,True,,FEASIBLE,1.0,Accepted
1271,771,math.colostate.edu,None,False,connection_error,WEBSITE_DOWN,0.95,Skipped
1271,772,oscon.com,None,False,connection_error,WEBSITE_DOWN,0.95,Skipped
1271,773,gobankingrates.com,200,True,,UNCERTAIN,0.9,Skipped
1271,774,operationsmile.se,200,True,,UNCERTAIN,0.9,Skipped
1271,775,handymanconnection.com,200,True,,UNCERTAIN,0.9,Skipped
1271,776,fishingbooker.com,403,True,,WEBSITE_DOWN,0.9,Skipped
1271,777,hancockcollege.edu,200,True,,FEASIBLE,0.9,Skipped
1271,778,version1.europeana.eu,None,False,connection_error,WEBSITE_DOWN,0.95,Skipped
1271,779,proteccioncivil.es,None,False,connection_error,WEBSITE_DOWN,0.95,Skipped
1271,780,alpina-automobiles.com,None,False,connection_error,WEBSITE_DOWN,0.95,Skipped
1271,781,lairdtech.com,None,False,connection_error,WEBSITE_DOWN,0.95,Skipped
1271,782,hays.com,200,True,,CONTENT_LIKELY_OUTDATED,0.9,Skipped
1271,783,nzembassy.com,None,False,connection_error,WEBSITE_DOWN,0.95,Skipped
1271,784,cahiersagricultures.fr,200,True,,UNCERTAIN,1.0,Skipped
1271,785,realfoodforager.com,None,False,connection_error,WEBSITE_DOWN,0.95,Skipped
1271,786,suomifinland100.fi,200,True,,CONTENT_LIKELY_OUTDATED,1.0,Skipped
1271,787,occupations.esdc.gc.ca,200,True,,WEBSITE_DOWN,1.0,Skipped
1271,788,gpgtools.org,200,True,,UNCERTAIN,1.0,Skipped
1271,789,arss.ornl.gov,None,False,connection_error,WEBSITE_DOWN,0.95,Skipped
1271,790,insideintercom.io,404,True,,WEBSITE_DOWN,1.0,Skipped
1271,791,nisod.org,200,True,,FEASIBLE,1.0,Accepted
1272,792,suzuki.nl,200,True,,UNCERTAIN,0.8,Skipped
1272,793,simpleprogrammer.com,200,True,,CONTENT_LIKELY_OUTDATED,1.0,Skipped
1272,794,pingtest.net,200,True,,UNCERTAIN,0.0,Skipped
1272,795,forge.uk,200,True,,FEASIBLE,1.0,Accepted
1273,796,monthlyreview.org,200,True,,FEASIBLE,1.0,Accepted
1274,797,snapfish.co.uk,403,True,,WEBSITE_DOWN,0.9,Skipped
1274,798,publishing.insead.edu,200,True,,FEASIBLE,0.9,Skipped
1274,799,benriachdistillery.com,200,True,,UNCERTAIN,0.0,Skipped
1274,800,windguard.de,200,True,,UNCERTAIN,0.9,Skipped
1274,801,forums.kali.org,403,True,,WEBSITE_DOWN,0.9,Skipped
1274,802,press.nordicopenaccess.no,200,True,,UNCERTAIN,0.9,Skipped
1274,803,allaboutagile.com,200,True,,CONTENT_LIKELY_OUTDATED,1.0,Skipped
1274,804,digitalcommons.mainelaw.maine.edu,200,True,,UNCERTAIN,0.8,Skipped
1274,805,filemaker.com,200,True,,UNCERTAIN,1.0,Skipped
1274,806,ville-agde.fr,403,True,,WEBSITE_DOWN,0.9,Skipped
1274,807,uia.org.ar,200,True,,UNCERTAIN,0.9,Skipped
1274,808,varta.org.au,200,True,,CONTENT_LIKELY_OUTDATED,1.0,Skipped
1274,809,mmcp.health.maryland.gov,200,True,,CONTENT_LIKELY_OUTDATED,0.9,Skipped
1274,810,vegan.at,200,True,,FEASIBLE,0.9,Skipped
1274,811,spigotmc.org,200,True,,FEASIBLE,1.0,Accepted
1275,812,nationalwatersafety.org.uk,200,True,,FEASIBLE,1.0,Accepted
1276,813,remm.hhs.gov,200,True,,UNCERTAIN,1.0,Skipped
1276,814,mariebelle.com,200,True,,UNCERTAIN,0.9,Skipped
1276,815,lasvegasmagazine.com,200,True,,UNCERTAIN,0.9,Skipped
1276,816,drinkwise.org.au,200,True,,FEASIBLE,1.0,Accepted
1277,817,knebworthhouse.com,200,True,,UNCERTAIN,1.0,Skipped
1277,818,bmstores.co.uk,200,True,,FEASIBLE,1.0,Accepted
1278,819,ostseewelle.de,200,True,,WEBSITE_DOWN,1.0,Skipped
1278,820,harveyssupermarkets.com,200,True,,UNCERTAIN,1.0,Skipped
1278,821,macmillan.org.uk,None,False,connection_error,WEBSITE_DOWN,0.95,Skipped
1278,822,fontbundles.net,200,True,,UNCERTAIN,0.8,Skipped
1278,823,vegkitchen.com,200,True,,FEASIBLE,1.0,Accepted
1279,824,holidaylettings.it,200,True,,CONTENT_LIKELY_OUTDATED,1.0,Skipped
1279,825,interactions.acm.org,200,True,,UNCERTAIN,0.8,Skipped
1279,826,open-open.com,200,True,,CONTENT_LIKELY_OUTDATED,0.9,Skipped
1279,827,makeawebsitehub.com,200,True,,FEASIBLE,0.9,Skipped
1279,828,youngfarmers.org,200,True,,UNCERTAIN,1.0,Skipped
1279,829,biomedicaloptics.spiedigitallibrary.org,200,True,,FEASIBLE,1.0,Accepted
1280,830,shelbytwp.org,403,True,,WEBSITE_DOWN,0.9,Skipped
1280,831,tiddlywiki.com,200,True,,FEASIBLE,0.9,Skipped
1280,832,books.google.pt,200,True,,UNCERTAIN,0.9,Skipped
1280,833,raceacrossamerica.org,200,True,,CONTENT_LIKELY_OUTDATED,0.9,Skipped
1280,834,onpolitics.usatoday.com,403,True,,WEBSITE_DOWN,0.9,Skipped
1280,835,dbm.maryland.gov,403,True,,WEBSITE_DOWN,0.9,Skipped
1280,836,red-dot.org,200,True,,UNCERTAIN,1.0,Skipped
1280,837,nrmaparksandresorts.com.au,403,True,,WEBSITE_DOWN,0.9,Skipped
1280,838,ikelite.com,200,True,,FEASIBLE,1.0,Accepted
1281,839,conagrafoodservice.com,403,True,,WEBSITE_DOWN,0.9,Skipped
1281,840,wtgrantfoundation.org,200,True,,FEASIBLE,1.0,Accepted
1282,841,environnement.public.lu,200,True,,CONTENT_LIKELY_OUTDATED,0.9,Skipped
1282,842,dermalogica.com,200,True,,FEASIBLE,0.9,Skipped
1282,843,ncbussafety.org,200,True,,UNCERTAIN,0.0,Skipped
1282,844,bauhaus-dessau.de,200,True,,FEASIBLE,1.0,Accepted
1283,845,bhekisisa.org,200,True,,FEASIBLE,0.9,Skipped
1283,846,arec.arkansas.gov,200,True,,FEASIBLE,1.0,Accepted
1284,847,ccalliance.org,200,True,,FEASIBLE,1.0,Accepted
1285,848,romanpichler.com,200,True,,UNCERTAIN,0.9,Skipped
1285,849,parkos.nl,200,True,,FEASIBLE,0.9,Skipped
1285,850,amharic.voanews.com,200,True,,CONTENT_LIKELY_OUTDATED,0.9,Skipped
1285,851,ima.org.il,200,True,,UNCERTAIN,0.9,Skipped
1285,852,nite.org.il,200,True,,CONTENT_LIKELY_OUTDATED,0.9,Skipped
1285,853,elitefitnesssystems.com,None,False,connection_error,WEBSITE_DOWN,0.95,Skipped
1285,854,browserleaks.com,200,True,,FEASIBLE,1.0,Accepted
1286,855,kpcw.org,None,False,connection_error,WEBSITE_DOWN,0.95,Skipped
1286,856,lighting.philips.nl,200,True,,CONTENT_LIKELY_OUTDATED,0.9,Skipped
1286,857,microsoftontheissues.com,None,False,connection_error,WEBSITE_DOWN,0.95,Skipped
1286,858,ohlins.eu,200,True,,FEASIBLE,1.0,Accepted
1287,859,malwaretech.com,200,True,,WEBSITE_DOWN,1.0,Skipped
1287,860,handbook.reuters.com,200,True,,FEASIBLE,1.0,Accepted
1288,861,sussexcountyde.gov,403,True,,WEBSITE_DOWN,0.9,Skipped
1288,862,wearenotmartha.com,200,True,,FEASIBLE,1.0,Accepted
1289,863,theholocaustexplained.org,200,True,,UNCERTAIN,0.9,Skipped
1289,864,hotwheels.com,200,True,,FEASIBLE,1.0,Accepted
1290,865,resources.genetec.com,200,True,,UNCERTAIN,0.9,Skipped
1290,866,toptechnews.com,200,True,,CONTENT_LIKELY_OUTDATED,0.9,Skipped
1290,867,meded.ucsf.edu,200,True,,FEASIBLE,0.9,Skipped
1290,868,search.sl.nsw.gov.au,200,True,,WEBSITE_DOWN,1.0,Skipped
1290,869,vermessung.bayern.de,200,True,,FEASIBLE,1.0,Accepted
1291,870,reservations.universalorlando.com,200,True,,WEBSITE_DOWN,1.0,Skipped
1291,871,de.honda.de,200,True,,UNCERTAIN,0.9,Skipped
1291,872,rcr.ethics.gc.ca,200,True,,UNCERTAIN,1.0,Skipped
1291,873,amblesideprimary.com,200,True,,CONTENT_LIKELY_OUTDATED,1.0,Skipped
1291,874,lindstromfoto.com,200,True,,FEASIBLE,1.0,Accepted
1292,875,ukradon.org,None,False,connection_error,WEBSITE_DOWN,0.95,Skipped
1292,876,elektro.dtu.dk,None,False,connection_error,WEBSITE_DOWN,0.95,Skipped
1292,877,thehappyhousewife.com,200,True,,CONTENT_LIKELY_OUTDATED,1.0,Skipped
1292,878,ncep.noaa.gov,None,False,connection_error,WEBSITE_DOWN,0.95,Skipped
1292,879,homeenergyscotland-advice.est.org.uk,200,True,,FEASIBLE,1.0,Accepted
1293,880,sporting-charleroi.be,200,True,,FEASIBLE,1.0,Accepted
1294,881,mingw-w64.org,200,True,,FEASIBLE,1.0,Accepted
1295,882,classictic.com,200,True,,UNCERTAIN,0.9,Skipped
1295,883,lums.edu.pk,200,True,,CONTENT_LIKELY_OUTDATED,1.0,Skipped
1295,884,make-it-in-germany.com,200,True,,FEASIBLE,1.0,Accepted
1296,885,jfklibrary.org,200,True,,WEBSITE_DOWN,1.0,Skipped
1296,886,robinhoodtax.org.uk,200,True,,WEBSITE_DOWN,1.0,Skipped
1296,887,eshop.koh-i-noor.eu,200,True,,FEASIBLE,1.0,Accepted
1297,888,grillfishdc.com,200,True,,WEBSITE_DOWN,1.0,Skipped
1297,889,icifactbook.org,200,True,,FEASIBLE,0.9,Skipped
1297,890,mobirise.co,200,True,,UNCERTAIN,0.9,Skipped
1297,891,ij.org,200,True,,FEASIBLE,1.0,Accepted
1298,892,eggslut.com,None,False,connection_error,WEBSITE_DOWN,0.95,Skipped
1298,893,emojilib.com,200,True,,CONTENT_LIKELY_OUTDATED,1.0,Skipped
1298,894,protistologists.org,200,True,,FEASIBLE,1.0,Accepted
1299,895,houseofnasheats.com,200,True,,UNCERTAIN,0.8,Skipped
1299,896,nancy-tourisme.fr,200,True,,WEBSITE_DOWN,1.0,Skipped
1299,897,edunomicslab.org,200,True,,FEASIBLE,1.0,Accepted
1300,898,princeclausfund.org,200,True,,FEASIBLE,1.0,Accepted
1301,899,toshiba-energy.com,None,False,connection_error,WEBSITE_DOWN,0.95,Skipped
1301,900,kolonial.no,200,True,,FEASIBLE,1.0,Accepted
1302,901,torontodowntown.doubletree.com,None,False,connection_error,WEBSITE_DOWN,0.95,Skipped
1302,902,11thhourproject.org,200,True,,UNCERTAIN,1.0,Skipped
1302,903,sandiego.org,200,True,,FEASIBLE,0.9,Skipped
1302,904,lambeth.gov.uk,200,True,,CONTENT_LIKELY_OUTDATED,0.9,Skipped
1302,905,allbirds.co.uk,200,True,,UNCERTAIN,0.0,Skipped
1302,906,wolnelektury.pl,200,True,,UNCERTAIN,1.0,Skipped
1302,907,dunwoody.edu,200,True,,UNCERTAIN,1.0,Skipped
1302,908,bsr.ac.uk,200,True,,FEASIBLE,1.0,Accepted
1303,909,medicalbillingandcoding.org,200,True,,FEASIBLE,1.0,Accepted
1304,910,amny.com,200,True,,WEBSITE_DOWN,1.0,Skipped
1304,911,mvsu.edu,None,False,"HTTPSConnectionPool(host='www.mvsu.edu',",WEBSITE_DOWN,0.95,Skipped
1304,912,enviroschools.org.nz,200,True,,FEASIBLE,0.9,Skipped
1304,913,abbeytheatre.ie,200,True,,CONTENT_LIKELY_OUTDATED,1.0,Skipped
1304,914,maysville-online.com,200,True,,CONTENT_LIKELY_OUTDATED,1.0,Skipped
1304,915,oaklandlocal.com,404,True,,WEBSITE_DOWN,1.0,Skipped
1304,916,rubbermaidcommercial.com,200,True,,FEASIBLE,1.0,Accepted
1305,917,hretdisparities.org,None,False,connection_error,WEBSITE_DOWN,0.95,Skipped
1305,918,support.alzheimer.ca,200,True,,WEBSITE_DOWN,0.9,Skipped
1305,919,careers.amgen.com,200,True,,FEASIBLE,1.0,Accepted
1306,920,publicservicerecognitionweek.org,200,True,,FEASIBLE,1.0,Accepted
1307,921,wolfhomeproducts.com,200,True,,CONTENT_LIKELY_OUTDATED,1.0,Skipped
1307,922,bitdefender.com.au,200,True,,UNCERTAIN,0.9,Skipped
1307,923,ndep.nih.gov,200,True,,CONTENT_LIKELY_OUTDATED,0.9,Skipped
1307,924,atarde.com.br,200,True,,CONTENT_LIKELY_OUTDATED,0.9,Skipped
1307,925,journal.culanth.org,200,True,,UNCERTAIN,0.9,Skipped
1307,926,charlottecentercity.org,200,True,,FEASIBLE,1.0,Accepted
1308,927,ford.cz,None,False,timeout,WEBSITE_DOWN,0.95,Skipped
1308,928,getcalfresh.org,200,True,,FEASIBLE,1.0,Accepted
1309,929,comicsbeat.com,403,True,,WEBSITE_DOWN,0.9,Skipped
1309,930,blackpool.gov.uk,200,True,,UNCERTAIN,0.9,Skipped
1309,931,bosch.ch,200,True,,FEASIBLE,1.0,Accepted
1310,932,jmol.sourceforge.net,403,True,,WEBSITE_DOWN,0.9,Skipped
1310,933,rehab.cahwnet.gov,None,False,connection_error,WEBSITE_DOWN,0.95,Skipped
1310,934,lipscomb.edu,200,True,,UNCERTAIN,0.0,Skipped
1310,935,aegeanair.com,403,True,,WEBSITE_DOWN,0.9,Skipped
1310,936,sangimignano.com,None,False,connection_error,WEBSITE_DOWN,0.95,Skipped
1310,937,commvault.com,200,True,,UNCERTAIN,0.9,Skipped
1310,938,lichess.com,None,False,connection_error,WEBSITE_DOWN,0.95,Skipped
1310,939,actionforhealthykids.org,200,True,,UNCERTAIN,1.0,Skipped
1310,940,kenzi-hotels.com,200,True,,FEASIBLE,0.9,Skipped
1310,941,oralb.com.au,200,True,,UNCERTAIN,0.9,Skipped
1310,942,openwetware.org,200,True,,CONTENT_LIKELY_OUTDATED,1.0,Skipped
1310,943,angusreid.org,200,True,,CONTENT_LIKELY_OUTDATED,1.0,Skipped
1310,944,valagro.com,None,False,connection_error,WEBSITE_DOWN,0.95,Skipped
1310,945,websitebuilderexpert.com,200,True,,CONTENT_LIKELY_OUTDATED,1.0,Skipped
1310,946,mbr-pwrc.usgs.gov,None,False,connection_error,WEBSITE_DOWN,0.95,Skipped
1310,947,elektronik-kompendium.de,200,True,,FEASIBLE,1.0,Accepted
1311,948,eebus.org,200,True,,UNCERTAIN,1.0,Skipped
1311,949,western.sare.org,200,True,,WEBSITE_DOWN,1.0,Skipped
1311,950,valorantesports.com,200,True,,CONTENT_LIKELY_OUTDATED,0.9,Skipped
1311,951,ndc.services.cdc.gov,200,True,,FEASIBLE,0.9,Skipped
1311,952,live.wsj.com,None,False,connection_error,WEBSITE_DOWN,0.95,Skipped
1311,953,fastcompanyme.com,200,True,,CONTENT_LIKELY_OUTDATED,0.9,Skipped
1311,954,vegetablemdonline.ppath.cornell.edu,200,True,,WEBSITE_DOWN,1.0,Skipped
1311,955,carolinapublicpress.org,200,True,,FEASIBLE,1.0,Accepted
1312,956,trumanbulldogs.com,200,True,,FEASIBLE,0.9,Skipped
1312,957,planetarynames.wr.usgs.gov,200,True,,FEASIBLE,1.0,Accepted
1313,958,elections2014.eu,None,False,connection_error,WEBSITE_DOWN,0.95,Skipped
1313,959,gesetze-iminternet.de,404,True,,WEBSITE_DOWN,1.0,Skipped
1313,960,id.ndl.go.jp,404,True,,WEBSITE_DOWN,1.0,Skipped
1313,961,levesoninquiry.org.uk,200,True,,CONTENT_LIKELY_OUTDATED,1.0,Skipped
1313,962,polygon.net,200,True,,FEASIBLE,0.9,Skipped
1313,963,explore.bps.org.uk,200,True,,UNCERTAIN,0.8,Skipped
1313,964,intersolar.de,200,True,,FEASIBLE,1.0,Accepted
1314,965,excelfunctions.net,200,True,,FEASIBLE,0.9,Skipped
1314,966,learnpsychology.org,200,True,,UNCERTAIN,0.9,Skipped
1314,967,tbmp.uspto.gov,200,True,,WEBSITE_DOWN,1.0,Skipped
1314,968,ocean.weather.gov,200,True,,FEASIBLE,1.0,Accepted
1315,969,unep.org,200,True,,UNCERTAIN,0.9,Skipped
1315,970,nbl.com.au,200,True,,CONTENT_LIKELY_OUTDATED,0.8,Skipped
1315,971,marcjacobs.com,200,True,,UNCERTAIN,1.0,Skipped
1315,972,eu4health.eu,200,True,,FEASIBLE,1.0,Accepted
1316,973,fermliving.com,200,True,,CONTENT_LIKELY_OUTDATED,0.9,Skipped
1316,974,her.ie,200,True,,FEASIBLE,1.0,Accepted
1317,975,pmarchive.com,200,True,,FEASIBLE,1.0,Accepted
1318,976,blog.hubspot.es,200,True,,UNCERTAIN,0.0,Skipped
1318,977,spartanburgcounty.org,200,True,,UNCERTAIN,1.0,Skipped
1318,978,linns.com,200,True,,CONTENT_LIKELY_OUTDATED,1.0,Skipped
1318,979,jmonkeyengine.com,403,True,,WEBSITE_DOWN,0.9,Skipped
1318,980,stat-computing.org,200,True,,CONTENT_LIKELY_OUTDATED,1.0,Skipped
1318,981,archive.wvculture.org,200,True,,WEBSITE_DOWN,1.0,Skipped
1318,982,drive.com.au,200,True,,UNCERTAIN,0.8,Skipped
1318,983,mec.ca,200,True,,FEASIBLE,0.9,Skipped
1318,984,no-mans-sky.com,200,True,,UNCERTAIN,0.9,Skipped
1318,985,patientensicherheit.ch,200,True,,FEASIBLE,1.0,Accepted
1319,986,coronavirus.upenn.edu,200,True,,CONTENT_LIKELY_OUTDATED,1.0,Skipped
1319,987,linuxinsider.com,403,True,,WEBSITE_DOWN,0.9,Skipped
1319,988,tearfund.org.au,200,True,,WEBSITE_DOWN,1.0,Skipped
1319,989,trainsimple.com,404,True,,WEBSITE_DOWN,1.0,Skipped
1319,990,schulewirtschaft.de,200,True,,FEASIBLE,1.0,Accepted
1320,991,aiida.net,200,True,,UNCERTAIN,0.8,Skipped
1320,992,apps.colorado.gov,403,True,,WEBSITE_DOWN,0.9,Skipped
1320,993,syha.org.uk,None,False,"HTTPSConnectionPool(host='www.hostellingscotland.org.uk',",WEBSITE_DOWN,0.95,Skipped
1320,994,scholartree.ca,200,True,,FEASIBLE,1.0,Accepted
1321,995,hernandoschools.org,None,False,connection_error,WEBSITE_DOWN,0.95,Skipped
1321,996,city.okayama.jp,None,False,connection_error,WEBSITE_DOWN,0.95,Skipped
1321,997,ww.google.com,200,True,,UNCERTAIN,0.8,Skipped
1321,998,osha.washington.edu,200,True,,CONTENT_LIKELY_OUTDATED,1.0,Skipped
1321,999,showroomdisplaycases.com,200,True,,CONTENT_LIKELY_OUTDATED,0.9,Skipped
1321,1000,apoteket.se,200,True,,CONTENT_LIKELY_OUTDATED,1.0,Skipped
1321,1001,perfumerflavorist.com,200,True,,FEASIBLE,1.0,Accepted
1322,1002,datacommons.rff.org,525,False,,WEBSITE_DOWN,1.0,Skipped
1322,1003,audit.gov.ie,200,True,,FEASIBLE,0.9,Skipped
1322,1004,dspace.uni.lodz.pl,200,True,,WEBSITE_DOWN,1.0,Skipped
1322,1005,greensburgdailynews.com,200,True,,UNCERTAIN,1.0,Skipped
1322,1006,queryshark.blogspot.com,200,True,,CONTENT_LIKELY_OUTDATED,1.0,Skipped
1322,1007,learningequality.org,200,True,,FEASIBLE,1.0,Accepted
1323,1008,goaskalice.columbia.edu,200,True,,UNCERTAIN,0.9,Skipped
1323,1009,nbcpalmsprings.com,200,True,,FEASIBLE,1.0,Accepted
1324,1010,elitearchery.com,200,True,,UNCERTAIN,0.9,Skipped
1324,1011,ignite.oreilly.com,200,True,,WEBSITE_DOWN,1.0,Skipped
1324,1012,education.ie,200,True,,WEBSITE_DOWN,1.0,Skipped
1324,1013,samboat.com,200,True,,FEASIBLE,1.0,Accepted
1325,1014,natuurmuseumbrabant.nl,200,True,,UNCERTAIN,0.9,Skipped
1325,1015,lsbn.state.la.us,403,True,,WEBSITE_DOWN,0.9,Skipped
1325,1016,bmwusaservice.com,None,False,"HTTPSConnectionPool(host='bmwusaservice.com',",WEBSITE_DOWN,0.95,Skipped
1325,1017,laborcommission.utah.gov,200,True,,FEASIBLE,1.0,Accepted
1326,1018,silversneakers.com,None,False,connection_error,WEBSITE_DOWN,0.95,Skipped
1326,1019,hardwareheaven.com,200,True,,UNCERTAIN,0.9,Skipped
1326,1020,onlinemenukaart.nl,200,True,,FEASIBLE,1.0,Accepted
1327,1021,unitehere.org,200,True,,UNCERTAIN,1.0,Skipped
1327,1022,britishgas.co.uk,200,True,,FEASIBLE,0.9,Skipped
1327,1023,euroflorist.se,200,True,,CONTENT_LIKELY_OUTDATED,0.8,Skipped
1327,1024,newyorkfestivals.com,200,True,,CONTENT_LIKELY_OUTDATED,0.8,Skipped
1327,1025,gradle.org,200,True,,FEASIBLE,0.9,Skipped
1327,1026,cle.bc.ca,200,True,,CONTENT_LIKELY_OUTDATED,1.0,Skipped
1327,1027,slator.com,200,True,,CONTENT_LIKELY_OUTDATED,1.0,Skipped
1327,1028,media.guitarcenter.com,404,True,,WEBSITE_DOWN,1.0,Skipped
1327,1029,zodiacpoolsystems.com,200,True,,FEASIBLE,1.0,Accepted
1328,1030,westinghousenuclear.com,200,True,,FEASIBLE,1.0,Accepted
1329,1031,bst-tsb.gc.ca,200,True,,UNCERTAIN,1.0,Skipped
1329,1032,mcdonalds.com.au,200,True,,FEASIBLE,0.0,Skipped
1329,1033,companyfinder.ch,200,True,,UNCERTAIN,1.0,Skipped
1329,1034,nhluniforms.com,200,True,,FEASIBLE,0.9,Skipped
1329,1035,clarins.de,200,True,,UNCERTAIN,0.8,Skipped
1329,1036,bloodcell.transplant.hrsa.gov,403,True,,WEBSITE_DOWN,0.9,Skipped
1329,1037,nantes.port.fr,200,True,,FEASIBLE,1.0,Accepted
1330,1038,anitalianinmykitchen.com,200,True,,UNCERTAIN,0.9,Skipped
1330,1039,berlinpackaging.nl,200,True,,UNCERTAIN,0.9,Skipped
1330,1040,contractorcheck.ca,404,True,,WEBSITE_DOWN,1.0,Skipped
1330,1041,thealamo.org,200,True,,WEBSITE_DOWN,1.0,Skipped
1330,1042,fono.hu,200,True,,CONTENT_LIKELY_OUTDATED,1.0,Skipped
1330,1043,bosch.com.sv,200,True,,CONTENT_LIKELY_OUTDATED,0.9,Skipped
1330,1044,dnrec.delaware.gov,200,True,,FEASIBLE,0.0,Skipped
1330,1045,simplemarketingnow.com,200,True,,FEASIBLE,1.0,Accepted
1331,1046,expedia.it,429,True,,WEBSITE_DOWN,1.0,Skipped
1331,1047,unmuseum.org,None,False,connection_error,WEBSITE_DOWN,0.95,Skipped
1331,1048,abode2.com,403,True,,WEBSITE_DOWN,0.9,Skipped
1331,1049,wild.org,200,True,,UNCERTAIN,0.9,Skipped
1331,1050,eurovisionworld.com,403,True,,WEBSITE_DOWN,0.9,Skipped
1331,1051,next-episode.net,200,True,,CONTENT_LIKELY_OUTDATED,1.0,Skipped
1331,1052,onlocationtours.com,200,True,,UNCERTAIN,0.0,Skipped
1331,1053,sportaccord.sport,200,True,,FEASIBLE,1.0,Accepted
1332,1054,mantisatemplates.com,200,True,,FEASIBLE,1.0,Accepted
1333,1055,helzberg.com,200,True,,FEASIBLE,0.9,Skipped
1333,1056,tulsapolice.org,200,True,,FEASIBLE,0.9,Skipped
1333,1057,villes-et-villages-fleuris.com,200,True,,FEASIBLE,0.9,Skipped
1333,1058,history.blog.gov.uk,200,True,,FEASIBLE,0.9,Skipped
1333,1059,molinahealthcare.com,403,True,,WEBSITE_DOWN,0.9,Skipped
1333,1060,ebayfeescalculator.com,200,True,,CONTENT_LIKELY_OUTDATED,1.0,Skipped
1333,1061,skepdic.com,200,True,,UNCERTAIN,1.0,Skipped
1333,1062,sculpture-network.org,200,True,,FEASIBLE,1.0,Accepted
1334,1063,prolost.com,200,True,,FEASIBLE,1.0,Accepted
1335,1064,nfhs.org,403,True,,WEBSITE_DOWN,0.9,Skipped
1335,1065,www1.unece.org,None,False,connection_error,WEBSITE_DOWN,0.95,Skipped
1335,1066,zip06.com,200,True,,WEBSITE_DOWN,1.0,Skipped
1335,1067,mindandlife.org,200,True,,UNCERTAIN,0.9,Skipped
1335,1068,mbird.org,200,True,,WEBSITE_DOWN,1.0,Skipped
1335,1069,europenowjournal.org,200,True,,FEASIBLE,1.0,Accepted
1336,1070,thefintechtimes.com,200,True,,CONTENT_LIKELY_OUTDATED,0.9,Skipped
1336,1071,images.google.gg,200,True,,FEASIBLE,1.0,Accepted
1337,1072,imm.fraunhofer.de,200,True,,UNCERTAIN,0.8,Skipped
1337,1073,alledinburghtheatre.com,200,True,,UNCERTAIN,0.9,Skipped
1337,1074,ritualwell.org,200,True,,UNCERTAIN,1.0,Skipped
1337,1075,yellowblissroad.com,200,True,,FEASIBLE,1.0,Accepted
1338,1076,cafnr.missouri.edu,200,True,,FEASIBLE,0.9,Skipped
1338,1077,zas.admin.ch,200,True,,UNCERTAIN,0.9,Skipped
1338,1078,petwants.com,200,True,,FEASIBLE,0.9,Skipped
1338,1079,asada.gov.au,None,False,timeout,WEBSITE_DOWN,0.95,Skipped
1338,1080,livingsafetogether.gov.au,None,False,connection_error,WEBSITE_DOWN,0.95,Skipped
1338,1081,blaue-flagge.de,200,True,,CONTENT_LIKELY_OUTDATED,1.0,Skipped
1338,1082,city.chiyoda.lg.jp,None,False,connection_error,WEBSITE_DOWN,0.95,Skipped
1338,1083,bestblogthemes.com,200,True,,CONTENT_LIKELY_OUTDATED,1.0,Skipped
1338,1084,mvtransit.com,200,True,,UNCERTAIN,1.0,Skipped
1338,1085,lektury.gov.pl,None,False,"HTTPSConnectionPool(host='lektury.gov.pl',",WEBSITE_DOWN,0.95,Skipped
1338,1086,crucial.de,200,True,,FEASIBLE,0.9,Skipped
1338,1087,theaudiodb.com,200,True,,FEASIBLE,0.9,Skipped
1338,1088,finance.azcentral.com,None,False,connection_error,WEBSITE_DOWN,0.95,Skipped
1338,1089,osram-group.de,None,False,"HTTPSConnectionPool(host='osram-group.de',",WEBSITE_DOWN,0.95,Skipped
1338,1090,wolfgourmet.com,200,True,,UNCERTAIN,1.0,Skipped
1338,1091,townofbelleair.com,200,True,,FEASIBLE,0.9,Skipped
1338,1092,geodaten.bayern.de,200,True,,UNCERTAIN,1.0,Skipped
1338,1093,mirvac.com,200,True,,UNCERTAIN,0.9,Skipped
1338,1094,daikin.co.uk,200,True,,FEASIBLE,0.9,Skipped
1338,1095,agriculture.senate.gov,403,True,,WEBSITE_DOWN,0.9,Skipped
1338,1096,pharmafile.com,200,True,,CONTENT_LIKELY_OUTDATED,1.0,Skipped
1338,1097,maternitycarecoalition.org,200,True,,CONTENT_LIKELY_OUTDATED,0.9,Skipped
1338,1098,geelongaustralia.com.au,403,True,,WEBSITE_DOWN,0.9,Skipped
1338,1099,nutraceuticalsworld.com,403,True,,WEBSITE_DOWN,0.9,Skipped
1338,1100,borrowlenses.com,200,True,,CONTENT_LIKELY_OUTDATED,1.0,Skipped
1338,1101,fitpregnancy.com,200,True,,WEBSITE_DOWN,1.0,Skipped
1338,1102,americantowns.com,403,True,,WEBSITE_DOWN,0.9,Skipped
1338,1103,t1dexchange.org,200,True,,UNCERTAIN,0.0,Skipped
1338,1104,news.cn.yahoo.com,None,False,connection_error,WEBSITE_DOWN,0.95,Skipped
1338,1105,jglobal.jst.go.jp,200,True,,UNCERTAIN,0.8,Skipped
1338,1106,nintendoenthusiast.com,None,False,"HTTPSConnectionPool(host='www.nintendo.destructoid.com',",WEBSITE_DOWN,0.95,Skipped
1338,1107,crafoordprize.se,200,True,,FEASIBLE,0.9,Skipped
1338,1108,realmilkpaint.com,200,True,,UNCERTAIN,1.0,Skipped
1338,1109,ehow.co.uk,200,True,,UNCERTAIN,0.9,Skipped
1338,1110,support.usa.canon.com,200,True,,FEASIBLE,0.9,Skipped
1338,1111,adzuna.com,200,True,,WEBSITE_DOWN,1.0,Skipped
1338,1112,www2.open.ac.uk,200,True,,WEBSITE_DOWN,1.0,Skipped
1338,1113,nz.mouser.com,200,True,,FEASIBLE,0.9,Skipped
1338,1114,gloucestershirecricketfoundation.org,200,True,,FEASIBLE,1.0,Accepted
1339,1115,raleigh.co.uk,200,True,,UNCERTAIN,0.8,Skipped
1339,1116,bettercotton.org,200,True,,FEASIBLE,1.0,Accepted
1340,1117,nasstatus.faa.gov,200,True,,CONTENT_LIKELY_OUTDATED,1.0,Skipped
1340,1118,italoamericano.org,403,True,,WEBSITE_DOWN,0.9,Skipped
1340,1119,rocketdogrescue.org,200,True,,CONTENT_LIKELY_OUTDATED,1.0,Skipped
1340,1120,blogs.umsl.edu,200,True,,UNCERTAIN,0.9,Skipped
1340,1121,erstegroup.com,200,True,,FEASIBLE,1.0,Accepted
1341,1122,cambridge-water.co.uk,403,True,,WEBSITE_DOWN,0.9,Skipped
1341,1123,mccip.org.uk,200,True,,CONTENT_LIKELY_OUTDATED,1.0,Skipped
1341,1124,reformjudaism.org.uk,200,True,,CONTENT_LIKELY_OUTDATED,1.0,Skipped
1341,1125,embassyofpanama.org,200,True,,FEASIBLE,1.0,Accepted
1342,1126,kandersteg.ch,200,True,,UNCERTAIN,0.0,Skipped
1342,1127,library.ucsb.edu,200,True,,FEASIBLE,1.0,Accepted
1343,1128,eur-lex.europa.eu,200,True,,WEBSITE_DOWN,1.0,Skipped
1343,1129,internationalstudentinsurance.com,200,True,,FEASIBLE,1.0,Accepted
1344,1130,wiresharkfoundation.org,200,True,,CONTENT_LIKELY_OUTDATED,1.0,Skipped
1344,1131,carnegiesciencecenter.org,403,True,,WEBSITE_DOWN,0.9,Skipped
1344,1132,archive.siam.org,200,True,,UNCERTAIN,0.8,Skipped
1344,1133,mckellen.com,200,True,,CONTENT_LIKELY_OUTDATED,0.9,Skipped
1344,1134,marykay.pl,200,True,,CONTENT_LIKELY_OUTDATED,1.0,Skipped
1344,1135,nycvisit.com,None,False,"HTTPSConnectionPool(host='www.nycgo.com',",WEBSITE_DOWN,0.95,Skipped
1344,1136,fortworth.culturemap.com,200,True,,UNCERTAIN,0.9,Skipped
1344,1137,bp.com,200,True,,UNCERTAIN,0.9,Skipped
1344,1138,redletterdays.co.uk,200,True,,FEASIBLE,0.9,Skipped
1344,1139,universite-paris-saclay.hal.science,200,True,,UNCERTAIN,1.0,Skipped
1344,1140,visitrochester.com,200,True,,FEASIBLE,1.0,Accepted
1345,1141,southriverathletics.org,200,True,,CONTENT_LIKELY_OUTDATED,1.0,Skipped
1345,1142,uniontestprep.com,403,True,,WEBSITE_DOWN,0.9,Skipped
1345,1143,blog.laravel.com,200,True,,CONTENT_LIKELY_OUTDATED,1.0,Skipped
1345,1144,thejazzcafelondon.com,200,True,,UNCERTAIN,0.0,Skipped
1345,1145,blog.technavio.com,200,True,,UNCERTAIN,0.0,Skipped
1345,1146,dmtcs.org,None,False,connection_error,WEBSITE_DOWN,0.95,Skipped
1345,1147,nostarch.com,200,True,,UNCERTAIN,0.9,Skipped
1345,1148,pharmacy.rutgers.edu,200,True,,UNCERTAIN,0.9,Skipped
1345,1149,roadsidedentalmarketing.com,200,True,,WEBSITE_DOWN,1.0,Skipped
1345,1150,bordgaisenergy.ie,200,True,,CONTENT_LIKELY_OUTDATED,0.9,Skipped
1345,1151,hist.cam.ac.uk,None,False,connection_error,WEBSITE_DOWN,0.95,Skipped
1345,1152,dickinsonrealestate.com,200,True,,CONTENT_LIKELY_OUTDATED,1.0,Skipped
1345,1153,visitkingsisland.com,200,True,,FEASIBLE,0.8,Skipped
1345,1154,apalaweb.org,200,True,,CONTENT_LIKELY_OUTDATED,1.0,Skipped
1345,1155,uniroyaltires.com,200,True,,FEASIBLE,1.0,Accepted
1346,1156,unionstationindenver.com,200,True,,FEASIBLE,1.0,Accepted
1347,1157,shop.mercedes-benz.com,200,True,,UNCERTAIN,0.9,Skipped
1347,1158,johnsonwindowfilms.com,200,True,,FEASIBLE,0.9,Skipped
1347,1159,countertobacco.org,200,True,,UNCERTAIN,0.8,Skipped
1347,1160,houstonpublicworks.org,200,True,,UNCERTAIN,0.9,Skipped
1347,1161,pamperedchef.ca,200,True,,UNCERTAIN,0.9,Skipped
1347,1162,shethepeople.tv,200,True,,CONTENT_LIKELY_OUTDATED,0.9,Skipped
1347,1163,jobsite.co.uk,200,True,,FEASIBLE,1.0,Accepted
1348,1164,etla.fi,200,True,,FEASIBLE,1.0,Accepted
1349,1165,nestlehealthscience.us,403,True,,WEBSITE_DOWN,0.9,Skipped
1349,1166,destinationdijon.com,403,True,,WEBSITE_DOWN,0.9,Skipped
1349,1167,mairie16.paris.fr,200,True,,CONTENT_LIKELY_OUTDATED,1.0,Skipped
1349,1168,arbordalepublishing.com,200,True,,UNCERTAIN,1.0,Skipped
1349,1169,international.unimore.it,None,False,connection_error,WEBSITE_DOWN,0.95,Skipped
1349,1170,bibliotek.kk.dk,200,True,,FEASIBLE,0.9,Skipped
1349,1171,johannesvermeer.org,200,True,,FEASIBLE,0.9,Skipped
1349,1172,cityofmartinez.org,403,True,,WEBSITE_DOWN,0.9,Skipped
1349,1173,national.deseretnews.com,None,False,timeout,WEBSITE_DOWN,0.95,Skipped
1349,1174,brcaexchange.org,200,True,,FEASIBLE,0.9,Skipped
1349,1175,odiethemes.com,200,True,,CONTENT_LIKELY_OUTDATED,1.0,Skipped
1349,1176,mcv.vic.gov.au,200,True,,FEASIBLE,1.0,Accepted
1350,1177,maplefestival.com,200,True,,CONTENT_LIKELY_OUTDATED,1.0,Skipped
1350,1178,costsofwar.org,None,False,connection_error,WEBSITE_DOWN,0.95,Skipped
1350,1179,docs.scipy.org,200,True,,CONTENT_LIKELY_OUTDATED,0.9,Skipped
1350,1180,costa.house.gov,200,True,,FEASIBLE,1.0,Accepted
1351,1181,htmlvalidator.com,200,True,,WEBSITE_DOWN,1.0,Skipped
1351,1182,business-sweden.se,200,True,,CONTENT_LIKELY_OUTDATED,1.0,Skipped
1351,1183,chafee.csac.ca.gov,200,True,,FEASIBLE,1.0,Accepted
1352,1184,jdwilliams.co.uk,403,True,,WEBSITE_DOWN,0.9,Skipped
1352,1185,chronicleillinois.com,200,True,,CONTENT_LIKELY_OUTDATED,0.9,Skipped
1352,1186,tmview.europa.eu,200,True,,WEBSITE_DOWN,1.0,Skipped
1352,1187,enac.fr,200,True,,UNCERTAIN,0.9,Skipped
1352,1188,mdottraffic.com,200,True,,FEASIBLE,0.9,Skipped
1352,1189,al.com,403,True,,WEBSITE_DOWN,0.9,Skipped
1352,1190,mazda.at,None,False,timeout,WEBSITE_DOWN,0.95,Skipped
1352,1191,votetexas.gov,200,True,,UNCERTAIN,0.9,Skipped
1352,1192,safavieh.com,200,True,,FEASIBLE,1.0,Accepted
1353,1193,gslwhitsundays.com.au,404,True,,WEBSITE_DOWN,1.0,Skipped
1353,1194,lookhuman.com,200,True,,FEASIBLE,1.0,Accepted
1354,1195,bakedbyanintrovert.com,200,True,,UNCERTAIN,0.9,Skipped
1354,1196,nakala.fr,200,True,,UNCERTAIN,0.9,Skipped
1354,1197,library.wellcome.ac.uk,None,False,connection_error,WEBSITE_DOWN,0.95,Skipped
1354,1198,soccerway.com,200,True,,UNCERTAIN,0.0,Skipped
1354,1199,jetspizza.com,200,True,,FEASIBLE,0.9,Skipped
1354,1200,classroomsecrets.co.uk,None,False,connection_error,WEBSITE_DOWN,0.95,Skipped
1354,1201,procharger.com,200,True,,UNCERTAIN,1.0,Skipped
1354,1202,flower-mound.com,200,True,,FEASIBLE,0.9,Skipped
1354,1203,antartica.cptec.inpe.br,200,True,,WEBSITE_DOWN,1.0,Skipped
1354,1204,southendairport.com,200,True,,FEASIBLE,1.0,Accepted
1355,1205,augustinerkeller.de,200,True,,UNCERTAIN,1.0,Skipped
1355,1206,vw-nutzfahrzeuge.at,200,True,,UNCERTAIN,0.0,Skipped
1355,1207,tweakingtechnologies.com,None,False,connection_error,WEBSITE_DOWN,0.95,Skipped
1355,1208,thedanielislandnews.com,200,True,,CONTENT_LIKELY_OUTDATED,0.9,Skipped
1355,1209,allthingschristmas.com,200,True,,FEASIBLE,1.0,Accepted
1356,1210,championships.usga.org,403,True,,WEBSITE_DOWN,0.9,Skipped
1356,1211,tascam.com,200,True,,FEASIBLE,1.0,Accepted
1357,1212,covid19.gob.sv,None,False,connection_error,WEBSITE_DOWN,0.95,Skipped
1357,1213,york.ac.uk,200,True,,UNCERTAIN,0.9,Skipped
1357,1214,conservationphotographers.org,200,True,,UNCERTAIN,0.9,Skipped
1357,1215,omnisharp.net,200,True,,FEASIBLE,1.0,Accepted
1358,1216,mnartists.org,200,True,,FEASIBLE,1.0,Accepted
1359,1217,theology.ox.ac.uk,None,False,connection_error,WEBSITE_DOWN,0.95,Skipped
1359,1218,tigta.gov,200,True,,CONTENT_LIKELY_OUTDATED,1.0,Skipped
1359,1219,janis.mhlw.go.jp,200,True,,CONTENT_LIKELY_OUTDATED,0.9,Skipped
1359,1220,baylorfrisco.com,403,True,,WEBSITE_DOWN,0.9,Skipped
1359,1221,dublininquirer.com,200,True,,UNCERTAIN,0.9,Skipped
1359,1222,oddspedia.com,200,True,,UNCERTAIN,0.8,Skipped
1359,1223,abb.de,200,True,,CONTENT_LIKELY_OUTDATED,0.8,Skipped
1359,1224,extinctionrebellion.de,200,True,,UNCERTAIN,0.9,Skipped
1359,1225,kleenex.com.au,200,True,,FEASIBLE,1.0,Accepted
1360,1226,pureref.com,200,True,,UNCERTAIN,1.0,Skipped
1360,1227,westpoint.edu,200,True,,FEASIBLE,0.9,Skipped
1360,1228,store.3dtotal.com,200,True,,UNCERTAIN,0.8,Skipped
1360,1229,catchsurf.com,200,True,,FEASIBLE,0.9,Skipped
1360,1230,morgenbladet.no,200,True,,WEBSITE_DOWN,1.0,Skipped
1360,1231,nicepage.cc,200,True,,CONTENT_LIKELY_OUTDATED,1.0,Skipped
1360,1232,architecture2030.org,200,True,,FEASIBLE,0.9,Skipped
1360,1233,blog.magnumphotos.com,404,True,,WEBSITE_DOWN,1.0,Skipped
1360,1234,news.fnal.gov,200,True,,CONTENT_LIKELY_OUTDATED,1.0,Skipped
1360,1235,agsci.colostate.edu,200,True,,FEASIBLE,1.0,Accepted
1361,1236,lymphoma.ca,200,True,,FEASIBLE,1.0,Accepted
1362,1237,hollywoodsign.org,200,True,,UNCERTAIN,1.0,Skipped
1362,1238,academianutricionydietetica.org,200,True,,FEASIBLE,1.0,Accepted
1363,1239,femmes.gouv.fr,200,True,,FEASIBLE,1.0,Accepted
1364,1240,aquaticbiosystems.biomedcentral.com,200,True,,WEBSITE_DOWN,1.0,Skipped
1364,1241,ourworld.unu.edu,202,True,,WEBSITE_DOWN,1.0,Skipped
1364,1242,fungi.uga.edu,None,False,connection_error,WEBSITE_DOWN,0.95,Skipped
1364,1243,roomfortuesday.com,200,True,,FEASIBLE,0.9,Skipped
1364,1244,deployant.com,200,True,,UNCERTAIN,0.0,Skipped
1364,1245,product.tdk.com,None,False,timeout,WEBSITE_DOWN,0.95,Skipped
1364,1246,evergreenmtb.org,200,True,,CONTENT_LIKELY_OUTDATED,0.9,Skipped
1364,1247,tourismtasmania.com.au,200,True,,CONTENT_LIKELY_OUTDATED,1.0,Skipped
1364,1248,amp.smh.com.au,200,True,,WEBSITE_DOWN,1.0,Skipped
1364,1249,porcinehealthmanagement.biomedcentral.com,200,True,,WEBSITE_DOWN,1.0,Skipped
1364,1250,social-epistemology.com,200,True,,WEBSITE_DOWN,1.0,Skipped
1364,1251,vvdailypress.com,200,True,,WEBSITE_DOWN,1.0,Skipped
1364,1252,cloudforestmonteverde.com,200,True,,WEBSITE_DOWN,1.0,Skipped
1364,1253,anitab.org,200,True,,FEASIBLE,1.0,Accepted
1365,1254,csi.edu,200,True,,UNCERTAIN,0.9,Skipped
1365,1255,littlegiantladders.com,200,True,,FEASIBLE,0.9,Skipped
1365,1256,atrium.lib.uoguelph.ca,200,True,,WEBSITE_DOWN,1.0,Skipped
1365,1257,buywomenowned.com,200,True,,FEASIBLE,1.0,Accepted
1366,1258,ed.tum.de,200,True,,UNCERTAIN,0.9,Skipped
1366,1259,researchguides.library.syr.edu,200,True,,WEBSITE_DOWN,1.0,Skipped
1366,1260,ithacavoice.org,200,True,,WEBSITE_DOWN,1.0,Skipped
1366,1261,ict4lt.org,200,True,,UNCERTAIN,0.0,Skipped
1366,1262,porthope.ca,200,True,,CONTENT_LIKELY_OUTDATED,1.0,Skipped
1366,1263,doodles.google.com,404,True,,WEBSITE_DOWN,1.0,Skipped
1366,1264,rmiparliament.org,200,True,,FEASIBLE,1.0,Accepted
1367,1265,jurist.org,200,True,,UNCERTAIN,0.9,Skipped
1367,1266,messe-berlin.de,200,True,,UNCERTAIN,1.0,Skipped
1367,1267,hammerbowling.com,200,True,,UNCERTAIN,0.9,Skipped
1367,1268,mcsuk.org,200,True,,CONTENT_LIKELY_OUTDATED,0.9,Skipped
1367,1269,landrover.it,200,True,,UNCERTAIN,0.9,Skipped
1367,1270,parkett-verband.ch,200,True,,FEASIBLE,1.0,Accepted
1368,1271,cadre.sjsu.edu,None,False,"HTTPSConnectionPool(host='cadre.sjsu.edu',",WEBSITE_DOWN,0.95,Skipped
1368,1272,csteachers.org,200,True,,UNCERTAIN,1.0,Skipped
1368,1273,gallerianazionaledellumbria.it,200,True,,CONTENT_LIKELY_OUTDATED,0.9,Skipped
1368,1274,schwebebahn.de,200,True,,FEASIBLE,1.0,Accepted
1369,1275,bioenergyinternational.com,200,True,,UNCERTAIN,1.0,Skipped
1369,1276,interabangbooks.com,403,True,,WEBSITE_DOWN,0.9,Skipped
1369,1277,serviceseeking.com.au,200,True,,CONTENT_LIKELY_OUTDATED,1.0,Skipped
1369,1278,gaming.stackexchange.com,200,True,,UNCERTAIN,0.0,Skipped
1369,1279,nrcs.usda.gov,None,False,timeout,WEBSITE_DOWN,0.95,Skipped
1369,1280,cdr.eionet.europa.eu,200,True,,WEBSITE_DOWN,1.0,Skipped
1369,1281,sustainability.kroger.com,None,False,connection_error,WEBSITE_DOWN,0.95,Skipped
1369,1282,triathlon-austria.at,200,True,,CONTENT_LIKELY_OUTDATED,1.0,Skipped
1369,1283,endoflife.software,None,False,"HTTPSConnectionPool(host='endoflife.software',",WEBSITE_DOWN,0.95,Skipped
1369,1284,saurenergy.com,200,True,,FEASIBLE,1.0,Accepted
1370,1285,missourireview.com,200,True,,CONTENT_LIKELY_OUTDATED,0.9,Skipped
1370,1286,stonewallcymru.org.uk,200,True,,UNCERTAIN,0.9,Skipped
1370,1287,ngk.co.jp,None,False,connection_error,WEBSITE_DOWN,0.95,Skipped
1370,1288,commonwealth.virginia.gov,200,True,,CONTENT_LIKELY_OUTDATED,1.0,Skipped
1370,1289,hollywoodinsider.ew.com,None,False,connection_error,WEBSITE_DOWN,0.95,Skipped
1370,1290,miller.house.gov,200,True,,FEASIBLE,1.0,Accepted
1371,1291,nordicwalking.co.uk,200,True,,UNCERTAIN,0.9,Skipped
1371,1292,kitp.ucsb.edu,None,False,connection_error,WEBSITE_DOWN,0.95,Skipped
1371,1293,internetslang.com,200,True,,CONTENT_LIKELY_OUTDATED,0.9,Skipped
1371,1294,kde-look.org,200,True,,WEBSITE_DOWN,1.0,Skipped
1371,1295,ikeafoundation.org,200,True,,CONTENT_LIKELY_OUTDATED,0.9,Skipped
1371,1296,explorethebruce.com,307,True,,UNCERTAIN,1.0,Skipped
1371,1297,vistek.ca,403,True,,WEBSITE_DOWN,0.9,Skipped
1371,1298,images.allposters.com,None,False,connection_error,WEBSITE_DOWN,0.95,Skipped
1371,1299,climatechangenews.com,200,True,,CONTENT_LIKELY_OUTDATED,0.9,Skipped
1371,1300,blaklader.com,200,True,,WEBSITE_DOWN,1.0,Skipped
1371,1301,startupnames.com,200,True,,FEASIBLE,1.0,Accepted
1372,1302,snnairportgroup.ie,None,False,"HTTPConnectionPool(host='snnairportgroup.ie',",WEBSITE_DOWN,0.95,Skipped
1372,1303,herndon-va.gov,403,True,,WEBSITE_DOWN,0.9,Skipped
1372,1304,apm.com,200,True,,WEBSITE_DOWN,1.0,Skipped
1372,1305,eveningtelegraph.co.uk,403,True,,WEBSITE_DOWN,0.9,Skipped
1372,1306,ecommons.library.cornell.edu,405,True,,WEBSITE_DOWN,1.0,Skipped
1372,1307,solutions.benq.com,None,False,connection_error,WEBSITE_DOWN,0.95,Skipped
1372,1308,californiamuseum.org,200,True,,UNCERTAIN,0.0,Skipped
1372,1309,babiesrus.com,200,True,,FEASIBLE,1.0,Accepted
1373,1310,useiconic.com,None,False,connection_error,WEBSITE_DOWN,0.95,Skipped
1373,1311,rri.ro,200,True,,CONTENT_LIKELY_OUTDATED,0.9,Skipped
1373,1312,scottycameron.com,403,True,,WEBSITE_DOWN,0.9,Skipped
1373,1313,cypresscollege.edu,200,True,,FEASIBLE,0.9,Skipped
1373,1314,plumbingplus.co.nz,200,True,,UNCERTAIN,0.8,Skipped
1373,1315,wehrhahn-verlag.de,200,True,,CONTENT_LIKELY_OUTDATED,0.9,Skipped
1373,1316,mbaonline.com,200,True,,FEASIBLE,1.0,Accepted
1374,1317,exhibitionnews.uk,200,True,,UNCERTAIN,0.8,Skipped
1374,1318,sheltersuit.com,200,True,,FEASIBLE,1.0,Accepted
1375,1319,police.nsw.gov.au,200,True,,FEASIBLE,0.9,Skipped
1375,1320,boehringer-ingelheim.com,200,True,,UNCERTAIN,0.0,Skipped
1375,1321,gemeente.nu,200,True,,CONTENT_LIKELY_OUTDATED,0.9,Skipped
1375,1322,tbrnewsmedia.com,200,True,,UNCERTAIN,1.0,Skipped
1375,1323,speechnotes.co,200,True,,FEASIBLE,1.0,Accepted
1376,1324,repositorio.unesp.br,200,True,,FEASIBLE,0.9,Skipped
1376,1325,nationalgeographic.nl,200,True,,UNCERTAIN,0.9,Skipped
1376,1326,vlib.org,200,True,,CONTENT_LIKELY_OUTDATED,0.9,Skipped
1376,1327,ementalhealth.ca,403,True,,WEBSITE_DOWN,0.9,Skipped
1376,1328,scholarlycommons.law.emory.edu,200,True,,FEASIBLE,1.0,Accepted
1377,1329,blog.edmentum.com,200,True,,FEASIBLE,0.9,Skipped
1377,1330,leconjugueur.com,200,True,,FEASIBLE,1.0,Accepted
1378,1331,americanpublicmedia.org,200,True,,UNCERTAIN,0.9,Skipped
1378,1332,concordhotels.com,200,True,,UNCERTAIN,0.9,Skipped
1378,1333,aap.org.au,200,True,,FEASIBLE,1.0,Accepted
1379,1334,cordonbleu.edu,200,True,,UNCERTAIN,0.9,Skipped
1379,1335,petrobras.com.br,200,True,,CONTENT_LIKELY_OUTDATED,0.9,Skipped
1379,1336,manhattan.edu,200,True,,UNCERTAIN,0.8,Skipped
1379,1337,lexogen.com,200,True,,FEASIBLE,0.9,Skipped
1379,1338,stlawrencecollege.ca,200,True,,UNCERTAIN,1.0,Skipped
1379,1339,mil.wa.gov,200,True,,UNCERTAIN,1.0,Skipped
1379,1340,nmhealth.org,200,True,,FEASIBLE,1.0,Accepted
1380,1341,list25.com,200,True,,CONTENT_LIKELY_OUTDATED,0.9,Skipped
1380,1342,chariot.net.au,None,False,connection_error,WEBSITE_DOWN,0.95,Skipped
1380,1343,tamuk.edu,None,False,connection_error,WEBSITE_DOWN,0.95,Skipped
1380,1344,ajs.sagepub.com,None,False,"HTTPSConnectionPool(host='ajs.sagepub.com',",WEBSITE_DOWN,0.95,Skipped
1380,1345,thenews.com.pk,200,True,,CONTENT_LIKELY_OUTDATED,0.9,Skipped
1380,1346,jyi.org,200,True,,CONTENT_LIKELY_OUTDATED,1.0,Skipped
1380,1347,operationfirstresponse.org,200,True,,CONTENT_LIKELY_OUTDATED,0.9,Skipped
1380,1348,uk.webuy.com,200,True,,FEASIBLE,0.9,Skipped
1380,1349,infosys.com,403,True,,WEBSITE_DOWN,0.9,Skipped
1380,1350,intelligentdatacentres.com,200,True,,WEBSITE_DOWN,1.0,Skipped
1380,1351,germancastles.com,200,True,,FEASIBLE,1.0,Accepted
1381,1352,healthcarebusinessreview.com,200,True,,WEBSITE_DOWN,1.0,Skipped
1381,1353,learn.gitlab.com,200,True,,UNCERTAIN,1.0,Skipped
1381,1354,kamut.com,200,True,,UNCERTAIN,0.9,Skipped
1381,1355,berkshirehathawayautomotive.com,403,True,,WEBSITE_DOWN,0.9,Skipped
1381,1356,ucar.edu,200,True,,CONTENT_LIKELY_OUTDATED,0.9,Skipped
1381,1357,republicans-oversight.house.gov,200,True,,UNCERTAIN,0.9,Skipped
1381,1358,mbostock.github.com,None,False,connection_error,WEBSITE_DOWN,0.95,Skipped
1381,1359,wiki.macromates.com,200,True,,CONTENT_LIKELY_OUTDATED,0.9,Skipped
1381,1360,totalenergies.com.ar,200,True,,FEASIBLE,0.9,Skipped
1381,1361,frankwatching.com,200,True,,FEASIBLE,1.0,Accepted
1382,1362,prairienursery.com,403,True,,WEBSITE_DOWN,0.9,Skipped
1382,1363,biz.alibaba.com,200,True,,WEBSITE_DOWN,1.0,Skipped
1382,1364,realestate.wyo.gov,200,True,,FEASIBLE,1.0,Accepted
1383,1365,txdshs.maps.arcgis.com,200,True,,UNCERTAIN,0.9,Skipped
1383,1366,musee-magritte-museum.be,200,True,,FEASIBLE,0.9,Skipped
1383,1367,atozbabynames.com,200,True,,CONTENT_LIKELY_OUTDATED,1.0,Skipped
1383,1368,griffithreview.com,200,True,,FEASIBLE,1.0,Accepted
1384,1369,de.lipsum.com,200,True,,CONTENT_LIKELY_OUTDATED,1.0,Skipped
1384,1370,open-data.europa.eu,403,True,,WEBSITE_DOWN,0.9,Skipped
1384,1371,4travelcoupons.com,200,True,,UNCERTAIN,0.0,Skipped
1384,1372,soyinfocenter.com,200,True,,UNCERTAIN,0.9,Skipped
1384,1373,hcvadvocate.org,404,True,,WEBSITE_DOWN,1.0,Skipped
1384,1374,bates.edu,200,True,,FEASIBLE,0.9,Skipped
1384,1375,jeffkoons.com,200,True,,UNCERTAIN,1.0,Skipped
1384,1376,liftfoils.com,200,True,,UNCERTAIN,0.9,Skipped
1384,1377,uddannelsesstatistik.dk,200,True,,FEASIBLE,0.9,Skipped
1384,1378,newsroom.technavio.org,200,True,,UNCERTAIN,0.8,Skipped
1384,1379,visitballarat.com.au,200,True,,CONTENT_LIKELY_OUTDATED,0.9,Skipped
1384,1380,english.kyodonews.jp,200,True,,UNCERTAIN,0.0,Skipped
1384,1381,law.queensu.ca,200,True,,UNCERTAIN,1.0,Skipped
1384,1382,ukrio.org,200,True,,FEASIBLE,1.0,Accepted
1385,1383,okcmoa.com,200,True,,FEASIBLE,0.9,Skipped
1385,1384,marxist.com,200,True,,UNCERTAIN,0.0,Skipped
1385,1385,centerracialjustice.org,200,True,,UNCERTAIN,0.9,Skipped
1385,1386,asiainsurancereview.com,200,True,,CONTENT_LIKELY_OUTDATED,0.9,Skipped
1385,1387,goodgaragescheme.co.uk,None,False,connection_error,WEBSITE_DOWN,0.95,Skipped
1385,1388,reports.nlihc.org,200,True,,FEASIBLE,1.0,Accepted
1386,1389,blogs.microsoft.com,200,True,,FEASIBLE,1.0,Accepted
1387,1390,corpgov.law.harvard.edu,200,True,,UNCERTAIN,0.0,Skipped
1387,1391,avp.fandom.com,403,True,,WEBSITE_DOWN,0.9,Skipped
1387,1392,businessnewsaus.com.au,403,True,,WEBSITE_DOWN,0.9,Skipped
1387,1393,urbanarrow.com,200,True,,FEASIBLE,0.9,Skipped
1387,1394,tiqets.com,200,True,,CONTENT_LIKELY_OUTDATED,1.0,Skipped
1387,1395,repreve.com,200,True,,CONTENT_LIKELY_OUTDATED,0.9,Skipped
1387,1396,clades.nextstrain.org,200,True,,CONTENT_LIKELY_OUTDATED,1.0,Skipped
1387,1397,parc-naturel-pilat.fr,200,True,,UNCERTAIN,0.9,Skipped
1387,1398,braininitiative.org,200,True,,UNCERTAIN,0.9,Skipped
1387,1399,rubyconf.org.au,200,True,,CONTENT_LIKELY_OUTDATED,0.9,Skipped
1387,1400,national-geographic.pl,403,True,,WEBSITE_DOWN,0.9,Skipped
1387,1401,financialtribune.com,200,True,,WEBSITE_DOWN,1.0,Skipped
1387,1402,cset.stanford.edu,200,True,,UNCERTAIN,0.9,Skipped
1387,1403,www2.delwp.vic.gov.au,None,False,connection_error,WEBSITE_DOWN,0.95,Skipped
1387,1404,na.sage.com,200,True,,FEASIBLE,1.0,Accepted
1388,1405,tableau.com,403,True,,WEBSITE_DOWN,0.9,Skipped
1388,1406,scran.ac.uk,200,True,,WEBSITE_DOWN,1.0,Skipped
1388,1407,pics4learning.com,200,True,,WEBSITE_DOWN,1.0,Skipped
1388,1408,zeromq.org,200,True,,UNCERTAIN,1.0,Skipped
1388,1409,livingstondaily.com,403,True,,WEBSITE_DOWN,0.9,Skipped
1388,1410,halifaxhealth.org,200,True,,UNCERTAIN,0.9,Skipped
1388,1411,stenaline.co.uk,200,True,,CONTENT_LIKELY_OUTDATED,1.0,Skipped
1388,1412,wineenthusiast.com,200,True,,FEASIBLE,0.9,Skipped
1388,1413,cinfo.ch,200,True,,WEBSITE_DOWN,0.9,Skipped
1388,1414,mackenzie-childs.com,422,True,,WEBSITE_DOWN,1.0,Skipped
1388,1415,bikeshare.ie,None,False,connection_error,WEBSITE_DOWN,0.95,Skipped
1388,1416,midlandsengine.org,403,True,,WEBSITE_DOWN,0.9,Skipped
1388,1417,edenprairie.org,403,True,,WEBSITE_DOWN,0.9,Skipped
1388,1418,hotelsaopaulo.org,200,True,,FEASIBLE,0.9,Skipped
1388,1419,uba.ar,200,True,,FEASIBLE,0.9,Skipped
1388,1420,joe.bioscientifica.com,202,True,,FEASIBLE,0.9,Skipped
1388,1421,museumsandgalleries.leeds.gov.uk,200,True,,UNCERTAIN,0.9,Skipped
1388,1422,vip.com,200,True,,UNCERTAIN,1.0,Skipped
1388,1423,spectrum.ieee.org,200,True,,UNCERTAIN,1.0,Skipped
1388,1424,hawesandcurtis.co.uk,200,True,,FEASIBLE,0.9,Skipped
1388,1425,whatworkscities.bloomberg.org,403,True,,WEBSITE_DOWN,0.9,Skipped
1388,1426,citiscope.org,None,False,connection_error,WEBSITE_DOWN,0.95,Skipped
1388,1427,reporting.actionfraud.police.uk,403,True,,WEBSITE_DOWN,0.9,Skipped
1388,1428,nobelprizemuseum.se,200,True,,FEASIBLE,1.0,Accepted
1389,1429,humanrights.vic.gov.au,200,True,,FEASIBLE,1.0,Accepted
1390,1430,sf-encyclopedia.com,200,True,,FEASIBLE,0.9,Skipped
1390,1431,poste.sm,200,True,,FEASIBLE,1.0,Accepted
1391,1432,moroccotomorrow.org,200,True,,FEASIBLE,0.9,Skipped
1391,1433,staatsorchester-hamburg.de,200,True,,UNCERTAIN,0.7,Skipped
1391,1434,littleredwindow.com,200,True,,FEASIBLE,0.9,Skipped
1391,1435,totalmateria.com,200,True,,FEASIBLE,1.0,Accepted
1392,1436,shelterboxusa.org,403,True,,WEBSITE_DOWN,0.9,Skipped
1392,1437,sewguide.com,200,True,,UNCERTAIN,0.9,Skipped
1392,1438,scienceforsport.com,200,True,,FEASIBLE,1.0,Accepted
1393,1439,builtwith.com,200,True,,FEASIBLE,1.0,Accepted
1394,1440,cancercare.org,200,True,,CONTENT_LIKELY_OUTDATED,0.9,Skipped
1394,1441,getpalliativecare.org,200,True,,UNCERTAIN,0.0,Skipped
1394,1442,packerswire.usatoday.com,200,True,,WEBSITE_DOWN,1.0,Skipped
1394,1443,smithtownny.gov,200,True,,UNCERTAIN,0.9,Skipped
1394,1444,hoistfitness.com,200,True,,UNCERTAIN,0.9,Skipped
1394,1445,scf.edu,200,True,,FEASIBLE,1.0,Accepted
1395,1446,empirestateplaza.ny.gov,200,True,,FEASIBLE,1.0,Accepted
1396,1447,commercialmotor.com,200,True,,UNCERTAIN,0.9,Skipped
1396,1448,poe.com,200,True,,FEASIBLE,1.0,Accepted
1397,1449,lsue.edu,200,True,,FEASIBLE,0.9,Skipped
1397,1450,govloans.gov,200,True,,FEASIBLE,1.0,Accepted
1398,1451,mcclatchy.com,200,True,,FEASIBLE,1.0,Accepted
1399,1452,ebrary.ifpri.org,429,True,,FEASIBLE,1.0,Accepted
1400,1453,hornbach.nl,406,True,,WEBSITE_DOWN,1.0,Skipped
1400,1454,cwur.org,200,True,,FEASIBLE,1.0,Accepted
1401,1455,charlottefive.com,None,False,timeout,WEBSITE_DOWN,0.95,Skipped
1401,1456,bmcneurosci.biomedcentral.com,200,True,,WEBSITE_DOWN,1.0,Skipped
1401,1457,hoosiertimes.com,403,True,,WEBSITE_DOWN,0.9,Skipped
1401,1458,datamining.typepad.com,200,True,,CONTENT_LIKELY_OUTDATED,1.0,Skipped
1401,1459,loire.fr,200,True,,FEASIBLE,1.0,Accepted
1402,1460,wetterstationen.meteomedia.de,200,True,,UNCERTAIN,0.9,Skipped
1402,1461,nag.co.uk,200,True,,FEASIBLE,1.0,Accepted
1403,1462,openli.com,200,True,,FEASIBLE,1.0,Accepted
1404,1463,jp.burberry.com,200,True,,UNCERTAIN,0.0,Skipped
1404,1464,cargobike.jetzt,None,False,timeout,WEBSITE_DOWN,0.95,Skipped
1404,1465,business-live.co.uk,200,True,,UNCERTAIN,0.9,Skipped
1404,1466,mobilitaet.sachsen.de,200,True,,CONTENT_LIKELY_OUTDATED,0.9,Skipped
1404,1467,openjdk.java.net,200,True,,UNCERTAIN,0.9,Skipped
1404,1468,nhb.org.in,None,False,connection_error,WEBSITE_DOWN,0.95,Skipped
1404,1469,seobility.net,200,True,,UNCERTAIN,1.0,Skipped
1404,1470,en.nhc.gov.cn,200,True,,CONTENT_LIKELY_OUTDATED,0.9,Skipped
1404,1471,mappingprejudice.umn.edu,200,True,,CONTENT_LIKELY_OUTDATED,1.0,Skipped
1404,1472,tahititourisme.pf,200,True,,UNCERTAIN,0.9,Skipped
1404,1473,codetwo.com,200,True,,UNCERTAIN,0.9,Skipped
1404,1474,caritas.pl,200,True,,FEASIBLE,0.9,Skipped
1404,1475,entrythailand.go.th,200,True,,WEBSITE_DOWN,1.0,Skipped
1404,1476,sitefinders.co.uk,200,True,,CONTENT_LIKELY_OUTDATED,1.0,Skipped
1404,1477,housecarers.com,200,True,,FEASIBLE,0.9,Skipped
1404,1478,lavazzagroup.com,200,True,,FEASIBLE,1.0,Accepted
1405,1479,timwphotovideo.com,200,True,,FEASIBLE,1.0,Accepted
1406,1480,micromeritics.com,200,True,,FEASIBLE,1.0,Accepted
1407,1481,floatmagazin.de,200,True,,WEBSITE_DOWN,1.0,Skipped
1407,1482,lmiforall.org.uk,None,False,connection_error,WEBSITE_DOWN,0.95,Skipped
1407,1483,national.co.uk,200,True,,FEASIBLE,1.0,Accepted
1408,1484,westermann-schweiz.ch,200,True,,UNCERTAIN,0.9,Skipped
1408,1485,techbeacon.com,200,True,,FEASIBLE,1.0,Accepted
1409,1486,warrington.gov.uk,None,False,connection_error,WEBSITE_DOWN,0.95,Skipped
1409,1487,lihpaoresort.com,None,False,connection_error,WEBSITE_DOWN,0.95,Skipped
1409,1488,sinfonieorchesterbasel.ch,200,True,,UNCERTAIN,0.9,Skipped
1409,1489,mincava.umn.edu,200,True,,WEBSITE_DOWN,1.0,Skipped
1409,1490,aboutschwab.com,403,True,,WEBSITE_DOWN,0.9,Skipped
1409,1491,newspress.com,200,True,,FEASIBLE,1.0,Accepted
1410,1492,yacht.nl,200,True,,CONTENT_LIKELY_OUTDATED,0.9,Skipped
1410,1493,newportholidaycottages.co.uk,200,True,,FEASIBLE,1.0,Accepted
1411,1494,postmagazine.com,200,True,,UNCERTAIN,0.9,Skipped
1411,1495,observatree.org.uk,200,True,,FEASIBLE,1.0,Accepted
1412,1496,pentairpool.com,200,True,,UNCERTAIN,0.8,Skipped
1412,1497,sheepgenetics.org.au,200,True,,CONTENT_LIKELY_OUTDATED,1.0,Skipped
1412,1498,pollinators.msu.edu,200,True,,FEASIBLE,1.0,Accepted
1413,1499,med.umkc.edu,200,True,,UNCERTAIN,0.9,Skipped
1413,1500,beppu-tourism.com,200,True,,UNCERTAIN,0.0,Skipped
1413,1501,vinepair.com,200,True,,UNCERTAIN,0.9,Skipped
1413,1502,congressonacional.leg.br,None,False,connection_error,WEBSITE_DOWN,0.95,Skipped
1413,1503,insee.fr,200,True,,FEASIBLE,0.9,Skipped
1413,1504,coinworld.com,200,True,,UNCERTAIN,0.9,Skipped
1413,1505,basiceng.com,200,True,,WEBSITE_DOWN,1.0,Skipped
1413,1506,ncc.nesdis.noaa.gov,200,True,,UNCERTAIN,0.9,Skipped
1413,1507,on.bcg.com,403,True,,WEBSITE_DOWN,0.9,Skipped
1413,1508,tennislink.usta.com,200,True,,FEASIBLE,1.0,Accepted
1414,1509,anesthesia.ucsf.edu,200,True,,UNCERTAIN,0.9,Skipped
1414,1510,rubyweekly.com,200,True,,UNCERTAIN,0.0,Skipped
1414,1511,checklist.americanornithology.org,200,True,,FEASIBLE,1.0,Accepted
1415,1512,ird.gov.np,200,True,,UNCERTAIN,0.0,Skipped
1415,1513,sandiego.padres.mlb.com,None,False,"HTTPSConnectionPool(host='www.mlb.com',",WEBSITE_DOWN,0.95,Skipped
1415,1514,osram.asia,200,True,,CONTENT_LIKELY_OUTDATED,0.9,Skipped
1415,1515,unitedfresh.org,200,True,,CONTENT_LIKELY_OUTDATED,1.0,Skipped
1415,1516,cityofcamas.us,403,True,,WEBSITE_DOWN,0.9,Skipped
1415,1517,datacenterfrontier.com,200,True,,UNCERTAIN,1.0,Skipped
1415,1518,kostat.go.kr,None,False,connection_error,WEBSITE_DOWN,0.95,Skipped
1415,1519,gqlgen.com,200,True,,FEASIBLE,1.0,Accepted
1416,1520,multnomah.edu,200,True,,WEBSITE_DOWN,1.0,Skipped
1416,1521,wallpaperstock.net,None,False,connection_error,WEBSITE_DOWN,0.95,Skipped
1416,1522,stlawco.gov,403,True,,WEBSITE_DOWN,0.9,Skipped
1416,1523,searchcloudapplications.techtarget.com,200,True,,UNCERTAIN,0.0,Skipped
1416,1524,nativebase.io,200,True,,UNCERTAIN,0.9,Skipped
1416,1525,myipnumber.com,200,True,,FEASIBLE,1.0,Accepted
1417,1526,eas.asu.edu,None,False,connection_error,WEBSITE_DOWN,0.95,Skipped
1417,1527,darcynorman.net,200,True,,FEASIBLE,0.9,Skipped
1417,1528,eurostarshotels.co.uk,200,True,,UNCERTAIN,0.9,Skipped
1417,1529,petitions.senedd.wales,200,True,,CONTENT_LIKELY_OUTDATED,1.0,Skipped
1417,1530,sciencefocus.tech,200,True,,WEBSITE_DOWN,1.0,Skipped
1417,1531,finanzcheck.de,200,True,,FEASIBLE,1.0,Accepted
1418,1532,cheaprealestate.com,None,False,connection_error,WEBSITE_DOWN,0.95,Skipped
1418,1533,dkfz.de,200,True,,FEASIBLE,1.0,Accepted
1419,1534,wowktv.com,403,True,,WEBSITE_DOWN,0.9,Skipped
1419,1535,surf-forecast.com,200,True,,UNCERTAIN,0.9,Skipped
1419,1536,blog.nviso.eu,200,True,,UNCERTAIN,0.9,Skipped
1419,1537,bestpsdfreebies.com,200,True,,WEBSITE_DOWN,1.0,Skipped
1419,1538,kreis-tuebingen.de,200,True,,FEASIBLE,1.0,Accepted
1420,1539,globe.asahi.com,200,True,,UNCERTAIN,0.8,Skipped
1420,1540,gg.gov.au,None,False,timeout,WEBSITE_DOWN,0.95,Skipped
1420,1541,eia-global.org,202,True,,UNCERTAIN,0.9,Skipped
1420,1542,wiki.owasp.org,200,True,,FEASIBLE,1.0,Accepted
1421,1543,biztechafrica.com,202,True,,CONTENT_LIKELY_OUTDATED,1.0,Skipped
1421,1544,geneva.il.us,200,True,,FEASIBLE,1.0,Accepted
1422,1545,anrcatalog.ucdavis.edu,None,False,connection_error,WEBSITE_DOWN,0.95,Skipped
1422,1546,blog.webpagetest.org,200,True,,CONTENT_LIKELY_OUTDATED,1.0,Skipped
1422,1547,brandicarlile.com,200,True,,FEASIBLE,1.0,Accepted
1423,1548,materialscloud.org,200,True,,FEASIBLE,1.0,Accepted
1424,1549,market-inspector.co.uk,None,False,connection_error,WEBSITE_DOWN,0.95,Skipped
1424,1550,cnbctv18.com,None,False,connection_error,WEBSITE_DOWN,0.95,Skipped
1424,1551,noigroup.com,200,True,,FEASIBLE,1.0,Accepted
1425,1552,parcduluberon.fr,200,True,,UNCERTAIN,0.0,Skipped
1425,1553,goeuro.de,200,True,,FEASIBLE,1.0,Accepted
1426,1554,ticketonline.de,None,False,timeout,WEBSITE_DOWN,0.95,Skipped
1426,1555,ville.terrebonne.qc.ca,200,True,,UNCERTAIN,1.0,Skipped
1426,1556,instaar.colorado.edu,None,False,"HTTPSConnectionPool(host='instaar.colorado.edu',",WEBSITE_DOWN,0.95,Skipped
1426,1557,suburbanchicagonews.com,200,True,,UNCERTAIN,1.0,Skipped
1426,1558,commonsbusiness.parliament.uk,403,True,,WEBSITE_DOWN,0.9,Skipped
1426,1559,reed.edu,200,True,,CONTENT_LIKELY_OUTDATED,1.0,Skipped
1426,1560,americanwildhorsecampaign.org,200,True,,UNCERTAIN,1.0,Skipped
1426,1561,thewarehouse.co.nz,200,True,,FEASIBLE,0.9,Skipped
1426,1562,justice.tas.gov.au,403,True,,WEBSITE_DOWN,0.9,Skipped
1426,1563,opentext.jp,444,True,,WEBSITE_DOWN,1.0,Skipped
1426,1564,keviniscooking.com,200,True,,WEBSITE_DOWN,1.0,Skipped
1426,1565,cires1.colorado.edu,200,True,,FEASIBLE,0.9,Skipped
1426,1566,earth-syst-sci-data.net,200,True,,FEASIBLE,1.0,Accepted
1427,1567,southwesthealthline.ca,None,False,connection_error,WEBSITE_DOWN,0.95,Skipped
1427,1568,unionpay.com,None,False,connection_error,WEBSITE_DOWN,0.95,Skipped
1427,1569,native-languages.org,200,True,,FEASIBLE,1.0,Accepted
1428,1570,allgreatquotes.com,200,True,,WEBSITE_DOWN,1.0,Skipped
1428,1571,png-business-directory.com,521,False,,WEBSITE_DOWN,1.0,Skipped
1428,1572,blog.inspectlet.com,200,True,,FEASIBLE,0.9,Skipped
1428,1573,lara.michigan.gov,403,True,,WEBSITE_DOWN,0.9,Skipped
1428,1574,blood.gov.au,None,False,timeout,WEBSITE_DOWN,0.95,Skipped
1428,1575,streetfighter.fandom.com,200,True,,FEASIBLE,1.0,Accepted
1429,1576,cdti.es,200,True,,UNCERTAIN,0.9,Skipped
1429,1577,visitparnu.com,200,True,,UNCERTAIN,0.9,Skipped
1429,1578,rank-net.de,200,True,,FEASIBLE,1.0,Accepted
1430,1579,santamonicaseafood.com,200,True,,UNCERTAIN,0.9,Skipped
1430,1580,lwn.net,200,True,,UNCERTAIN,0.0,Skipped
1430,1581,enduro-mtb.com,200,True,,FEASIBLE,1.0,Accepted
1431,1582,support.goto.com,200,True,,FEASIBLE,0.9,Skipped
1431,1583,chesterfieldtheatres.co.uk,200,True,,UNCERTAIN,0.8,Skipped
1431,1584,nai.nl,200,True,,UNCERTAIN,0.9,Skipped
1431,1585,commanderspalace.com,200,True,,FEASIBLE,1.0,Accepted
1432,1586,mcgovern.mit.edu,200,True,,FEASIBLE,1.0,Accepted
1433,1587,saveourshores.org,200,True,,WEBSITE_DOWN,1.0,Skipped
1433,1588,27east.com,200,True,,WEBSITE_DOWN,1.0,Skipped
1433,1589,color.a11y.com,200,True,,FEASIBLE,1.0,Accepted
1434,1590,keralatourism.org,200,True,,UNCERTAIN,0.7,Skipped
1434,1591,csoonline.com,200,True,,UNCERTAIN,0.9,Skipped
1434,1592,solarplaza.com,200,True,,UNCERTAIN,0.8,Skipped
1434,1593,reference.digilentinc.com,403,True,,WEBSITE_DOWN,0.9,Skipped
1434,1594,laatjevaccineren.be,200,True,,FEASIBLE,1.0,Accepted
1435,1595,vertbaudet.fr,403,True,,WEBSITE_DOWN,0.9,Skipped
1435,1596,gabbard.house.gov,None,False,connection_error,WEBSITE_DOWN,0.95,Skipped
1435,1597,autoaccessoriesgarage.com,200,True,,FEASIBLE,1.0,Accepted
1436,1598,plc.autotrader.co.uk,403,True,,WEBSITE_DOWN,0.9,Skipped
1436,1599,web.gc.cuny.edu,403,True,,WEBSITE_DOWN,0.9,Skipped
1436,1600,cbs7.com,200,True,,UNCERTAIN,1.0,Skipped
1436,1601,amstelveenz.nl,403,True,,WEBSITE_DOWN,0.9,Skipped
1436,1602,timetorecycle.org,200,True,,UNCERTAIN,0.9,Skipped
1436,1603,niddkrepository.org,None,False,timeout,WEBSITE_DOWN,0.95,Skipped
1436,1604,a-z-animals.com,200,True,,FEASIBLE,1.0,Accepted
1437,1605,aucklandnz.com,200,True,,FEASIBLE,1.0,Accepted
1438,1606,seananmcguire.com,200,True,,WEBSITE_DOWN,1.0,Skipped
1438,1607,foreignaffairs.com,200,True,,UNCERTAIN,1.0,Skipped
1438,1608,lner.co.uk,403,True,,WEBSITE_DOWN,0.9,Skipped
1438,1609,ebparks.org,200,True,,UNCERTAIN,1.0,Skipped
1438,1610,guidelines.ussc.gov,403,True,,WEBSITE_DOWN,0.9,Skipped
1438,1611,hplovecraft.com,200,True,,UNCERTAIN,1.0,Skipped
1438,1612,stateofwriting.com,200,True,,FEASIBLE,1.0,Accepted
1439,1613,msutoday.msu.edu,200,True,,CONTENT_LIKELY_OUTDATED,0.9,Skipped
1439,1614,international.missouri.edu,200,True,,FEASIBLE,0.9,Skipped
1439,1615,atarimagazines.com,200,True,,FEASIBLE,0.1,Skipped
1439,1616,homestolove.co.nz,404,True,,WEBSITE_DOWN,1.0,Skipped
1439,1617,wildlifesos.org,200,True,,UNCERTAIN,1.0,Skipped
1439,1618,healthcaretechoutlook.com,200,True,,WEBSITE_DOWN,1.0,Skipped
1439,1619,builderonline.com,200,True,,FEASIBLE,1.0,Accepted
1440,1620,humantumoratlas.org,200,True,,UNCERTAIN,0.9,Skipped
1440,1621,masterbuilt.com,200,True,,UNCERTAIN,0.9,Skipped
1440,1622,rs.usembassy.gov,200,True,,FEASIBLE,0.9,Skipped
1440,1623,communityadvocate.com,200,True,,WEBSITE_DOWN,1.0,Skipped
1440,1624,news10.com,403,True,,WEBSITE_DOWN,0.9,Skipped
1440,1625,woollywormhead.com,202,True,,UNCERTAIN,1.0,Skipped
1440,1626,nordwestbahn.de,None,False,timeout,WEBSITE_DOWN,0.95,Skipped
1440,1627,violenciazero.gov.pt,None,False,"HTTPSConnectionPool(host='www.violenciazero.gov.pt',",WEBSITE_DOWN,0.95,Skipped
1440,1628,maxapparel.com,200,True,,CONTENT_LIKELY_OUTDATED,0.9,Skipped
1440,1629,beta.samhsa.gov,None,False,connection_error,WEBSITE_DOWN,0.95,Skipped
1440,1630,ayalaland.com.ph,200,True,,FEASIBLE,0.9,Skipped
1440,1631,msds.walmartstores.com,None,False,connection_error,WEBSITE_DOWN,0.95,Skipped
1440,1632,volusiasheriff.gov,403,True,,WEBSITE_DOWN,0.9,Skipped
1440,1633,hotelhiportogaia.com,200,True,,FEASIBLE,1.0,Accepted
1441,1634,dailysignal.com,200,True,,CONTENT_LIKELY_OUTDATED,0.9,Skipped
1441,1635,hawaiipublicradio.org,None,False,connection_error,WEBSITE_DOWN,0.95,Skipped
1441,1636,2010.census.gov,None,False,connection_error,WEBSITE_DOWN,0.95,Skipped
1441,1637,conservationnw.org,200,True,,CONTENT_LIKELY_OUTDATED,0.9,Skipped
1441,1638,photoshoptutorials.tv,None,False,connection_error,WEBSITE_DOWN,0.95,Skipped
1441,1639,covid-19.chinadaily.com.cn,200,True,,FEASIBLE,1.0,Accepted
1442,1640,codes-et-lois.fr,200,True,,WEBSITE_DOWN,1.0,Skipped
1442,1641,literarymama.com,202,True,,FEASIBLE,1.0,Accepted
1443,1642,littledebbie.com,200,True,,UNCERTAIN,1.0,Skipped
1443,1643,baulexikon.de,None,False,connection_error,WEBSITE_DOWN,0.95,Skipped
1443,1644,itbusiness.ch,200,True,,FEASIBLE,1.0,Accepted
1444,1645,cdpr.ca.gov,200,True,,WEBSITE_DOWN,1.0,Skipped
1444,1646,editorx.com,200,True,,UNCERTAIN,0.9,Skipped
1444,1647,estatesale.com,200,True,,FEASIBLE,1.0,Accepted
1445,1648,utfpr.edu.br,200,True,,FEASIBLE,0.9,Skipped
1445,1649,wacoan.com,202,True,,FEASIBLE,1.0,Accepted
1446,1650,seachefs.com,200,True,,FEASIBLE,0.9,Skipped
1446,1651,explore.data.gov,None,False,connection_error,WEBSITE_DOWN,0.95,Skipped
1446,1652,openpreservation.org,200,True,,CONTENT_LIKELY_OUTDATED,0.9,Skipped
1446,1653,stihl-timbersports.com,200,True,,FEASIBLE,1.0,Accepted
1447,1654,hampdenwatches.com,200,True,,FEASIBLE,1.0,Accepted
1448,1655,portsmouthfc.co.uk,200,True,,UNCERTAIN,0.0,Skipped
1448,1656,rosatomflot.ru,200,True,,FEASIBLE,1.0,Accepted
1449,1657,visitreykjavik.is,200,True,,UNCERTAIN,1.0,Skipped
1449,1658,oralb.fr,200,True,,FEASIBLE,1.0,Accepted
1450,1659,maccosmetics.ca,403,True,,WEBSITE_DOWN,0.9,Skipped
1450,1660,nestle-cereals.com,403,True,,WEBSITE_DOWN,0.9,Skipped
1450,1661,lasportivausa.com,200,True,,UNCERTAIN,0.9,Skipped
1450,1662,realsoftware.com,200,True,,FEASIBLE,1.0,Accepted
1451,1663,naturalstattrick.com,404,True,,WEBSITE_DOWN,1.0,Skipped
1451,1664,bell-limo.com,None,False,"HTTPSConnectionPool(host='julesdemers.com',",WEBSITE_DOWN,0.95,Skipped
1451,1665,wineinsiders.com,200,True,,FEASIBLE,1.0,Accepted
1452,1666,vistaprint.dk,200,True,,FEASIBLE,0.9,Skipped
1452,1667,financialcapability.gov.au,None,False,connection_error,WEBSITE_DOWN,0.95,Skipped
1452,1668,waterschaprivierenland.nl,200,True,,FEASIBLE,0.9,Skipped
1452,1669,daily.sevenfifty.com,200,True,,FEASIBLE,1.0,Accepted
1453,1670,healthwarrior.com,200,True,,CONTENT_LIKELY_OUTDATED,1.0,Skipped
1453,1671,seasonofcreation.org,200,True,,WEBSITE_DOWN,1.0,Skipped
1453,1672,mayoclinichealthsystem.org,403,True,,WEBSITE_DOWN,0.9,Skipped
1453,1673,philosophy.uchicago.edu,200,True,,FEASIBLE,1.0,Accepted
1454,1674,alderac.com,200,True,,UNCERTAIN,0.9,Skipped
1454,1675,theoncologist.alphamedpress.org,None,False,connection_error,WEBSITE_DOWN,0.95,Skipped
1454,1676,developer.dji.com,200,True,,UNCERTAIN,1.0,Skipped
1454,1677,hockeyfights.com,200,True,,CONTENT_LIKELY_OUTDATED,1.0,Skipped
1454,1678,sfsu.edu,200,True,,UNCERTAIN,0.9,Skipped
1454,1679,pinkbike.com,403,True,,WEBSITE_DOWN,0.9,Skipped
1454,1680,bopsecrets.org,None,False,connection_error,WEBSITE_DOWN,0.95,Skipped
1454,1681,bookstore.autonomedia.org,None,False,timeout,WEBSITE_DOWN,0.95,Skipped
1454,1682,starnewsonline.com,200,True,,UNCERTAIN,0.9,Skipped
1454,1683,aol.com,200,True,,WEBSITE_DOWN,1.0,Skipped
1454,1684,kalender-365.se,200,True,,FEASIBLE,1.0,Accepted
1455,1685,fpmt.org,200,True,,UNCERTAIN,0.0,Skipped
1455,1686,state.hi.us,None,False,connection_error,WEBSITE_DOWN,0.95,Skipped
1455,1687,harrypottershop.co.uk,200,True,,UNCERTAIN,0.0,Skipped
1455,1688,thewesternnews.com,200,True,,WEBSITE_DOWN,1.0,Skipped
1455,1689,voacolorado.org,200,True,,CONTENT_LIKELY_OUTDATED,1.0,Skipped
1455,1690,ortegaguitars.com,200,True,,UNCERTAIN,0.0,Skipped
1455,1691,aib.gov.uk,200,True,,UNCERTAIN,0.9,Skipped
1455,1692,tokyosushiramenaustin.com,200,True,,CONTENT_LIKELY_OUTDATED,1.0,Skipped
1455,1693,seti.berkeley.edu,200,True,,FEASIBLE,1.0,Accepted
1456,1694,en.lyon-france.com,200,True,,UNCERTAIN,0.9,Skipped
1456,1695,fsa.gov.uk,None,False,connection_error,WEBSITE_DOWN,0.95,Skipped
1456,1696,react-google-charts.com,200,True,,FEASIBLE,1.0,Accepted
1457,1697,nzetc.org,200,True,,WEBSITE_DOWN,1.0,Skipped
1457,1698,sports.mynorthwest.com,200,True,,WEBSITE_DOWN,1.0,Skipped
1457,1699,law.tulane.edu,200,True,,UNCERTAIN,0.9,Skipped
1457,1700,greensock.com,200,True,,UNCERTAIN,1.0,Skipped
1457,1701,au.dk,200,True,,FEASIBLE,0.9,Skipped
1457,1702,guidebookgallery.org,200,True,,CONTENT_LIKELY_OUTDATED,1.0,Skipped
1457,1703,linuxboot.org,200,True,,CONTENT_LIKELY_OUTDATED,1.0,Skipped
1457,1704,wort-suchen.de,200,True,,FEASIBLE,0.9,Skipped
1457,1705,uni-wuppertal.de,None,False,connection_error,WEBSITE_DOWN,0.95,Skipped
1457,1706,walkingforhealth.org.uk,202,True,,CONTENT_LIKELY_OUTDATED,1.0,Skipped
1457,1707,audiophilia.com,200,True,,CONTENT_LIKELY_OUTDATED,1.0,Skipped
1457,1708,nexttv.com,200,True,,UNCERTAIN,0.0,Skipped
1457,1709,stellarxs.blogspot.com,200,True,,FEASIBLE,1.0,Accepted
1458,1710,firefox-browser.de,503,False,,WEBSITE_DOWN,1.0,Skipped
1458,1711,toronto.cmha.ca,202,True,,UNCERTAIN,0.9,Skipped
1458,1712,gentlebarn.org,200,True,,CONTENT_LIKELY_OUTDATED,0.9,Skipped
1458,1713,climateinvestigations.org,200,True,,FEASIBLE,1.0,Accepted
1459,1714,blog.bulletproof.com,200,True,,FEASIBLE,1.0,Accepted
1460,1715,guides.library.ubc.ca,200,True,,WEBSITE_DOWN,1.0,Skipped
1460,1716,bellevue.hyatt.com,403,True,,WEBSITE_DOWN,0.9,Skipped
1460,1717,efa.org.au,200,True,,FEASIBLE,0.9,Skipped
1460,1718,home.pandorabots.com,200,True,,FEASIBLE,0.9,Skipped
1460,1719,woodworkersjournal.com,200,True,,UNCERTAIN,0.9,Skipped
1460,1720,shop.pawtree.com,200,True,,WEBSITE_DOWN,1.0,Skipped
1460,1721,oiselle.com,200,True,,FEASIBLE,1.0,Accepted
1461,1722,opto22.com,200,True,,FEASIBLE,0.9,Skipped
1461,1723,inducks.org,401,True,,WEBSITE_DOWN,1.0,Skipped
1461,1724,undefeated.com,200,True,,CONTENT_LIKELY_OUTDATED,0.9,Skipped
1461,1725,scottmccloud.com,200,True,,FEASIBLE,1.0,Accepted
1462,1726,apps.fcc.gov,403,True,,WEBSITE_DOWN,0.9,Skipped
1462,1727,unspsc.org,None,False,connection_error,WEBSITE_DOWN,0.95,Skipped
1462,1728,veganbodybuilding.com,200,True,,CONTENT_LIKELY_OUTDATED,0.9,Skipped
1462,1729,theodore-roosevelt.com,200,True,,FEASIBLE,1.0,Accepted
1463,1730,wildlab.eu,200,True,,FEASIBLE,1.0,Accepted
1464,1731,littlefreelibrary.org,200,True,,FEASIBLE,0.9,Skipped
1464,1732,bhcourier.com,200,True,,FEASIBLE,1.0,Accepted
1465,1733,prisonphotography.org,200,True,,FEASIBLE,1.0,Accepted
1466,1734,hookem.com,200,True,,WEBSITE_DOWN,1.0,Skipped
1466,1735,redtag.ca,200,True,,FEASIBLE,1.0,Accepted
1467,1736,rtems.org,200,True,,UNCERTAIN,1.0,Skipped
1467,1737,mills.edu,200,True,,CONTENT_LIKELY_OUTDATED,1.0,Skipped
1467,1738,aftvnews.com,200,True,,UNCERTAIN,1.0,Skipped
1467,1739,indigoclothing.com,200,True,,UNCERTAIN,0.8,Skipped
1467,1740,2020.minneapolis.wordcamp.org,200,True,,FEASIBLE,1.0,Accepted
1468,1741,www2.gordonstate.edu,200,True,,WEBSITE_DOWN,1.0,Skipped
1468,1742,nfa.go.kr,None,False,connection_error,WEBSITE_DOWN,0.95,Skipped
1468,1743,bwi.de,200,True,,FEASIBLE,1.0,Accepted
1469,1744,hzdr.de,200,True,,UNCERTAIN,0.9,Skipped
1469,1745,baby-names-meanings.com,200,True,,CONTENT_LIKELY_OUTDATED,1.0,Skipped
1469,1746,fcs.org.uk,200,True,,CONTENT_LIKELY_OUTDATED,0.9,Skipped
1469,1747,oberwesel.de,200,True,,UNCERTAIN,0.9,Skipped
1469,1748,business.wapakdailynews.com,200,True,,CONTENT_LIKELY_OUTDATED,0.9,Skipped
1469,1749,childrens.health.qld.gov.au,200,True,,UNCERTAIN,0.8,Skipped
1469,1750,gandhiserve.net,200,True,,UNCERTAIN,0.9,Skipped
1469,1751,nationofchange.org,200,True,,CONTENT_LIKELY_OUTDATED,1.0,Skipped
1469,1752,valleywisehealth.org,403,True,,WEBSITE_DOWN,0.9,Skipped
1469,1753,ssc.govt.nz,200,True,,FEASIBLE,1.0,Accepted
1470,1754,utem.edu.my,None,False,connection_error,WEBSITE_DOWN,0.95,Skipped
1470,1755,durham.ac.uk,200,True,,UNCERTAIN,0.0,Skipped
1470,1756,rhizome.org,200,True,,WEBSITE_DOWN,1.0,Skipped
1470,1757,summar.es,200,True,,FEASIBLE,1.0,Accepted
1471,1758,roverpass.com,200,True,,WEBSITE_DOWN,1.0,Skipped
1471,1759,startengine.com,200,True,,UNCERTAIN,0.8,Skipped
1471,1760,microsofttranslator.com,None,False,connection_error,WEBSITE_DOWN,0.95,Skipped
1471,1761,theadviser.com.au,200,True,,CONTENT_LIKELY_OUTDATED,1.0,Skipped
1471,1762,blogs.aws.amazon.com,200,True,,UNCERTAIN,0.8,Skipped
1471,1763,smu.ca,None,False,"HTTPSConnectionPool(host='www.smu.ca',",WEBSITE_DOWN,0.95,Skipped
1471,1764,english.dict.naver.com,200,True,,WEBSITE_DOWN,1.0,Skipped
1471,1765,greentownlabs.com,200,True,,FEASIBLE,0.9,Skipped
1471,1766,relationinsurance.com,200,True,,FEASIBLE,1.0,Accepted
1472,1767,engineergirl.org,200,True,,CONTENT_LIKELY_OUTDATED,0.9,Skipped
1472,1768,mushroomobserver.org,200,True,,UNCERTAIN,1.0,Skipped
1472,1769,restaurantguru.it,200,True,,FEASIBLE,0.9,Skipped
1472,1770,bloorresearch.com,200,True,,UNCERTAIN,0.8,Skipped
1472,1771,pathwaysrtc.pdx.edu,200,True,,FEASIBLE,1.0,Accepted
1473,1772,douglascountywa.net,403,True,,WEBSITE_DOWN,0.9,Skipped
1473,1773,faqs.cs.uu.nl,None,False,connection_error,WEBSITE_DOWN,0.95,Skipped
1473,1774,newsroom.aaos.org,200,True,,UNCERTAIN,1.0,Skipped
1473,1775,automotiveworld.com,200,True,,WEBSITE_DOWN,1.0,Skipped
1473,1776,ascendiumeducation.org,200,True,,FEASIBLE,1.0,Accepted
1474,1777,archive.triblive.com,200,True,,CONTENT_LIKELY_OUTDATED,0.9,Skipped
1474,1778,fredericksburgva.gov,200,True,,UNCERTAIN,0.0,Skipped
1474,1779,eos.unh.edu,200,True,,UNCERTAIN,1.0,Skipped
1474,1780,hortnz.co.nz,200,True,,FEASIBLE,1.0,Accepted
1475,1781,duet3d.dozuki.com,404,True,,WEBSITE_DOWN,1.0,Skipped
1475,1782,zensound.es,200,True,,FEASIBLE,1.0,Accepted
1476,1783,seismology.resif.fr,200,True,,UNCERTAIN,0.9,Skipped
1476,1784,roberthalf.net,200,True,,UNCERTAIN,0.0,Skipped
1476,1785,nikkei.co.jp,None,False,connection_error,WEBSITE_DOWN,0.95,Skipped
1476,1786,quailridgebooks.com,403,True,,WEBSITE_DOWN,0.9,Skipped
1476,1787,hafen-hamburg.de,200,True,,CONTENT_LIKELY_OUTDATED,0.9,Skipped
1476,1788,teamworkathletic.com,200,True,,WEBSITE_DOWN,1.0,Skipped
1476,1789,dogwoof.com,200,True,,UNCERTAIN,0.9,Skipped
1476,1790,microjs.com,200,True,,UNCERTAIN,0.9,Skipped
1476,1791,newhampshirebulletin.com,200,True,,UNCERTAIN,0.9,Skipped
1476,1792,lineicons.com,200,True,,UNCERTAIN,0.8,Skipped
1476,1793,apple.news,200,True,,UNCERTAIN,0.9,Skipped
1476,1794,gupea.ub.gu.se,200,True,,FEASIBLE,0.9,Skipped
1476,1795,headachemigraine.org,202,True,,FEASIBLE,1.0,Accepted
1477,1796,patagonia.com.au,200,True,,UNCERTAIN,0.8,Skipped
1477,1797,pactr.samrc.ac.za,200,True,,WEBSITE_DOWN,1.0,Skipped
1477,1798,labelingsystems.com,200,True,,FEASIBLE,0.9,Skipped
1477,1799,openoffice.org,200,True,,UNCERTAIN,0.9,Skipped
1477,1800,link.apnews.com,200,True,,UNCERTAIN,1.0,Skipped
1477,1801,blog.gsmarena.com,200,True,,FEASIBLE,1.0,Accepted
1478,1802,ncpedia.org,200,True,,FEASIBLE,1.0,Accepted
1479,1803,fijitimes.com,None,False,connection_error,WEBSITE_DOWN,0.95,Skipped
1479,1804,gadgetguy.com.au,200,True,,CONTENT_LIKELY_OUTDATED,1.0,Skipped
1479,1805,fahrplaner.vbn.de,200,True,,UNCERTAIN,0.8,Skipped
1479,1806,billiger-telefonieren.de,404,True,,WEBSITE_DOWN,1.0,Skipped
1479,1807,victorytheatre.com,200,True,,CONTENT_LIKELY_OUTDATED,1.0,Skipped
1479,1808,museum.zoo.cam.ac.uk,None,False,connection_error,WEBSITE_DOWN,0.95,Skipped
1479,1809,autonews.gasgoo.com,200,True,,CONTENT_LIKELY_OUTDATED,0.9,Skipped
1479,1810,marcaespana.es,None,False,connection_error,WEBSITE_DOWN,0.95,Skipped
1479,1811,freebiblecommentary.org,200,True,,FEASIBLE,0.9,Skipped
1479,1812,go2.org,200,True,,FEASIBLE,1.0,Accepted
1480,1813,www2.nature.nps.gov,None,False,connection_error,WEBSITE_DOWN,0.95,Skipped
1480,1814,magazine.retail-today.com,200,True,,FEASIBLE,1.0,Accepted
1481,1815,vansaircraft.com,200,True,,FEASIBLE,1.0,Accepted
1482,1816,woodwardparkcity.com,200,True,,UNCERTAIN,1.0,Skipped
1482,1817,keepass.info,200,True,,UNCERTAIN,0.9,Skipped
1482,1818,tns.thenews.com.pk,None,False,connection_error,WEBSITE_DOWN,0.95,Skipped
1482,1819,era.ed.ac.uk,None,False,connection_error,WEBSITE_DOWN,0.95,Skipped
1482,1820,travelsupermarket.com,200,True,,FEASIBLE,1.0,Accepted
1483,1821,manningpublications.com,None,False,connection_error,WEBSITE_DOWN,0.95,Skipped
1483,1822,art-bin.com,200,True,,CONTENT_LIKELY_OUTDATED,1.0,Skipped
1483,1823,gettyimages.se,200,True,,FEASIBLE,1.0,Accepted
1484,1824,civa.brussels,200,True,,CONTENT_LIKELY_OUTDATED,0.9,Skipped
1484,1825,shoppers.instacart.com,200,True,,FEASIBLE,1.0,Accepted
1485,1826,northnorfolknews.co.uk,200,True,,UNCERTAIN,0.9,Skipped
1485,1827,dps.arkansas.gov,None,False,connection_error,WEBSITE_DOWN,0.95,Skipped
1485,1828,ticketnews.com,200,True,,WEBSITE_DOWN,1.0,Skipped
1485,1829,touristsecrets.com,200,True,,FEASIBLE,1.0,Accepted
1486,1830,helbing.ch,None,False,connection_error,WEBSITE_DOWN,0.95,Skipped
1486,1831,cross.skoda-auto.com,400,True,,WEBSITE_DOWN,1.0,Skipped
1486,1832,uolpress.co.uk,200,True,,WEBSITE_DOWN,1.0,Skipped
1486,1833,heartsfc.co.uk,200,True,,UNCERTAIN,0.0,Skipped
1486,1834,elanvalley.org.uk,200,True,,FEASIBLE,1.0,Accepted
1487,1835,central-park.co.jp,200,True,,CONTENT_LIKELY_OUTDATED,1.0,Skipped
1487,1836,futurism.media,200,True,,WEBSITE_DOWN,1.0,Skipped
1487,1837,stmoritz.ch,200,True,,UNCERTAIN,1.0,Skipped
1487,1838,centralamericadata.com,403,True,,WEBSITE_DOWN,0.9,Skipped
1487,1839,savethekoala.com,200,True,,FEASIBLE,1.0,Accepted
1488,1840,journal.r-project.org,200,True,,UNCERTAIN,0.9,Skipped
1488,1841,golf.at,200,True,,UNCERTAIN,0.0,Skipped
1488,1842,knightscope.com,200,True,,FEASIBLE,1.0,Accepted
1489,1843,payingforseniorcare.com,200,True,,UNCERTAIN,0.9,Skipped
1489,1844,sarep.ucdavis.edu,403,True,,WEBSITE_DOWN,0.9,Skipped
1489,1845,shop.scouts.org.uk,403,True,,WEBSITE_DOWN,0.9,Skipped
1489,1846,aerospaceweb.org,200,True,,UNCERTAIN,1.0,Skipped
1489,1847,flemington.com.au,None,False,connection_error,WEBSITE_DOWN,0.95,Skipped
1489,1848,anadolujet.com,None,False,timeout,WEBSITE_DOWN,0.95,Skipped
1489,1849,lancetcountdown.org,200,True,,UNCERTAIN,0.0,Skipped
1489,1850,za.kayak.com,200,True,,CONTENT_LIKELY_OUTDATED,1.0,Skipped
1489,1851,hunterdouglas.ca,200,True,,UNCERTAIN,0.9,Skipped
1489,1852,redbox.com,None,False,connection_error,WEBSITE_DOWN,0.95,Skipped
1489,1853,traeger.com,200,True,,UNCERTAIN,0.0,Skipped
1489,1854,dailyo.in,200,True,,FEASIBLE,0.9,Skipped
1489,1855,spacetechexpo-europe.com,200,True,,UNCERTAIN,0.9,Skipped
1489,1856,warhammer-community.com,200,True,,FEASIBLE,1.0,Accepted
1490,1857,ohio4h.org,200,True,,FEASIBLE,1.0,Accepted
1491,1858,store.bricklink.com,200,True,,FEASIBLE,1.0,Accepted
1492,1859,archrecord.construction.com,None,False,connection_error,WEBSITE_DOWN,0.95,Skipped
1492,1860,earth.google.co.jp,200,True,,FEASIBLE,0.9,Skipped
1492,1861,gigasetpro.com,None,False,connection_error,WEBSITE_DOWN,0.95,Skipped
1492,1862,energy.virginia.gov,200,True,,FEASIBLE,1.0,Accepted
1493,1863,thatlowcarblife.com,200,True,,UNCERTAIN,1.0,Skipped
1493,1864,sfi.dk,None,False,connection_error,WEBSITE_DOWN,0.95,Skipped
1493,1865,isubscribe.com.au,200,True,,UNCERTAIN,0.9,Skipped
1493,1866,insideprivacy.com,403,True,,WEBSITE_DOWN,0.9,Skipped
1493,1867,discovernewport.org,200,True,,UNCERTAIN,0.8,Skipped
1493,1868,europe.cphi.com,200,True,,CONTENT_LIKELY_OUTDATED,1.0,Skipped
1493,1869,hmbreview.com,200,True,,WEBSITE_DOWN,1.0,Skipped
1493,1870,puertovallarta.net,200,True,,FEASIBLE,1.0,Accepted
1494,1871,paniniamerica.net,403,True,,WEBSITE_DOWN,0.9,Skipped
1494,1872,journals.gre.ac.uk,200,True,,FEASIBLE,1.0,Accepted
1495,1873,energy.de,200,True,,CONTENT_LIKELY_OUTDATED,1.0,Skipped
1495,1874,lrb.co.uk,200,True,,FEASIBLE,1.0,Accepted
1496,1875,openexchangerates.org,200,True,,FEASIBLE,1.0,Accepted
1497,1876,koblenz-touristik.de,200,True,,FEASIBLE,1.0,Accepted
1498,1877,crewcollectivecafe.com,200,True,,UNCERTAIN,0.9,Skipped
1498,1878,attitash.com,200,True,,FEASIBLE,1.0,Accepted
1499,1879,autotrader.ca,200,True,,FEASIBLE,0.9,Skipped
1499,1880,yougov.co.uk,200,True,,CONTENT_LIKELY_OUTDATED,0.8,Skipped
1499,1881,inforrm.org,200,True,,FEASIBLE,1.0,Accepted
1500,1882,carlisleevents.com,200,True,,UNCERTAIN,1.0,Skipped
1500,1883,washingtonjewishweek.com,403,True,,WEBSITE_DOWN,0.9,Skipped
1500,1884,dementiasplatform.uk,200,True,,CONTENT_LIKELY_OUTDATED,0.9,Skipped
1500,1885,gnb.ca,403,True,,WEBSITE_DOWN,0.9,Skipped
1500,1886,healthandwelfare.idaho.gov,200,True,,FEASIBLE,1.0,Accepted
1501,1887,en.isoc.org.il,403,True,,WEBSITE_DOWN,0.9,Skipped
1501,1888,brutto-netto-rechner.info,200,True,,FEASIBLE,1.0,Accepted
1502,1889,comcastspotlight.com,None,False,connection_error,WEBSITE_DOWN,0.95,Skipped
1502,1890,fountainvalley.gov,200,True,,UNCERTAIN,0.9,Skipped
1502,1891,roman-empire.net,200,True,,UNCERTAIN,0.8,Skipped
1502,1892,getyourrefund.org,200,True,,FEASIBLE,1.0,Accepted
1503,1893,colehaan.com,200,True,,UNCERTAIN,0.9,Skipped
1503,1894,actu-environnement.com,200,True,,WEBSITE_DOWN,1.0,Skipped
1503,1895,warmemorialsonline.org.uk,200,True,,FEASIBLE,0.9,Skipped
1503,1896,guides.libraries.emory.edu,200,True,,UNCERTAIN,1.0,Skipped
1503,1897,designchemical.com,None,False,connection_error,WEBSITE_DOWN,0.95,Skipped
1503,1898,tourism-srilanka.com,None,False,connection_error,WEBSITE_DOWN,0.95,Skipped
1503,1899,kvv.de,200,True,,CONTENT_LIKELY_OUTDATED,1.0,Skipped
1503,1900,psychometricsociety.org,200,True,,UNCERTAIN,1.0,Skipped
1503,1901,raku.org,200,True,,UNCERTAIN,1.0,Skipped
1503,1902,study.com,200,True,,FEASIBLE,0.9,Skipped
1503,1903,marylandfamilynetwork.org,200,True,,FEASIBLE,1.0,Accepted
1504,1904,florenceacademyofart.com,200,True,,CONTENT_LIKELY_OUTDATED,0.9,Skipped
1504,1905,esm.rochester.edu,200,True,,FEASIBLE,1.0,Accepted
1505,1906,usm.edu,200,True,,UNCERTAIN,0.9,Skipped
1505,1907,glacier3000.ch,200,True,,FEASIBLE,1.0,Accepted
1506,1908,surreycc.gov.uk,200,True,,FEASIBLE,0.9,Skipped
1506,1909,kervansarayhotel.com,200,True,,CONTENT_LIKELY_OUTDATED,1.0,Skipped
1506,1910,statehealthfacts.kff.org,None,False,connection_error,WEBSITE_DOWN,0.95,Skipped
1506,1911,francomanca.co.uk,200,True,,FEASIBLE,0.9,Skipped
1506,1912,shop.a24films.com,200,True,,CONTENT_LIKELY_OUTDATED,0.9,Skipped
1506,1913,vineyardwind.com,200,True,,FEASIBLE,1.0,Accepted
1507,1914,musee.curie.fr,200,True,,UNCERTAIN,0.8,Skipped
1507,1915,codeweek.eu,200,True,,UNCERTAIN,0.8,Skipped
1507,1916,kaiserkraft.fr,200,True,,FEASIBLE,1.0,Accepted
1508,1917,auroragov.org,200,True,,FEASIBLE,1.0,Accepted
1509,1918,kitan.jp,200,True,,FEASIBLE,1.0,Accepted
1510,1919,douglascollege.ca,200,True,,UNCERTAIN,1.0,Skipped
1510,1920,toeflgoanywhere.org,200,True,,UNCERTAIN,0.8,Skipped
1510,1921,ljubljanafestival.si,200,True,,CONTENT_LIKELY_OUTDATED,0.9,Skipped
1510,1922,team-sport.co.uk,200,True,,FEASIBLE,1.0,Accepted
1511,1923,ancestorhunt.com,None,False,connection_error,WEBSITE_DOWN,0.95,Skipped
1511,1924,bayareaeconomy.org,200,True,,UNCERTAIN,0.9,Skipped
1511,1925,bak.gv.at,200,True,,FEASIBLE,0.9,Skipped
1511,1926,plantcaretoday.com,200,True,,UNCERTAIN,0.9,Skipped
1511,1927,pandasthumb.org,200,True,,UNCERTAIN,0.0,Skipped
1511,1928,treaties.dev.un.org,None,False,connection_error,WEBSITE_DOWN,0.95,Skipped
1511,1929,sluggerotoole.com,200,True,,FEASIBLE,1.0,Accepted
1512,1930,bravors.brandenburg.de,200,True,,UNCERTAIN,0.9,Skipped
1512,1931,corkcity.ie,200,True,,UNCERTAIN,0.9,Skipped
1512,1932,help.hubspot.com,200,True,,UNCERTAIN,0.9,Skipped
1512,1933,parliament.go.ug,200,True,,FEASIBLE,1.0,Accepted
1513,1934,winterkids.org,200,True,,CONTENT_LIKELY_OUTDATED,1.0,Skipped
1513,1935,help.smartling.com,200,True,,UNCERTAIN,0.8,Skipped
1513,1936,libguides.ctstatelibrary.org,200,True,,WEBSITE_DOWN,1.0,Skipped
1513,1937,geodatenkodex.de,200,True,,FEASIBLE,1.0,Accepted
1514,1938,brooklinema.gov,200,True,,UNCERTAIN,0.0,Skipped
1514,1939,support.blackberry.com,200,True,,WEBSITE_DOWN,1.0,Skipped
1514,1940,lorealprofessionnel.com,200,True,,FEASIBLE,0.9,Skipped
1514,1941,offices-de-tourisme-de-france.org,200,True,,CONTENT_LIKELY_OUTDATED,1.0,Skipped
1514,1942,blizzardwatch.com,200,True,,UNCERTAIN,0.9,Skipped
1514,1943,research-repository.uwa.edu.au,200,True,,FEASIBLE,1.0,Accepted
1515,1944,developer.mozilla.org,200,True,,UNCERTAIN,1.0,Skipped
1515,1945,showplacecabinetry.com,200,True,,FEASIBLE,1.0,Accepted
1516,1946,siriusxm.com,200,True,,UNCERTAIN,0.9,Skipped
1516,1947,springerlink.metapress.com,200,True,,CONTENT_LIKELY_OUTDATED,1.0,Skipped
1516,1948,berkleemusic.com,200,True,,CONTENT_LIKELY_OUTDATED,0.9,Skipped
1516,1949,newsroom.heart.org,200,True,,UNCERTAIN,0.9,Skipped
1516,1950,nikon.hu,200,True,,FEASIBLE,0.9,Skipped
1516,1951,sonycreativesoftware.com,None,False,connection_error,WEBSITE_DOWN,0.95,Skipped
1516,1952,portlandoregon.gov,None,False,connection_error,WEBSITE_DOWN,0.95,Skipped
1516,1953,sleep.org,200,True,,UNCERTAIN,0.0,Skipped
1516,1954,willcookforfriends.com,200,True,,WEBSITE_DOWN,1.0,Skipped
1516,1955,vault.fbi.gov,200,True,,FEASIBLE,1.0,Accepted
1517,1956,www4.agr.gc.ca,200,True,,CONTENT_LIKELY_OUTDATED,1.0,Skipped
1517,1957,gemporia.com,403,True,,WEBSITE_DOWN,0.9,Skipped
1517,1958,deschutesbrewery.com,200,True,,UNCERTAIN,1.0,Skipped
1517,1959,vic.guidedogs.com.au,200,True,,CONTENT_LIKELY_OUTDATED,0.9,Skipped
1517,1960,lyon.fr,None,False,timeout,WEBSITE_DOWN,0.95,Skipped
1517,1961,portal.linz.gv.at,200,True,,UNCERTAIN,0.9,Skipped
1517,1962,playgroundsafety.org,200,True,,UNCERTAIN,0.8,Skipped
1517,1963,uvadoc.uva.es,200,True,,FEASIBLE,1.0,Accepted
1518,1964,itella.ru,None,False,connection_error,WEBSITE_DOWN,0.95,Skipped
1518,1965,cobis.org.uk,200,True,,UNCERTAIN,0.0,Skipped
1518,1966,brandingmagazine.com,200,True,,FEASIBLE,1.0,Accepted
1519,1967,visitadirondacks.com,200,True,,UNCERTAIN,0.9,Skipped
1519,1968,post.ca.gov,None,False,connection_error,WEBSITE_DOWN,0.95,Skipped
1519,1969,californiathroughmylens.com,200,True,,UNCERTAIN,1.0,Skipped
1519,1970,kidsreads.com,200,True,,CONTENT_LIKELY_OUTDATED,1.0,Skipped
1519,1971,press.pwc.com,404,True,,WEBSITE_DOWN,1.0,Skipped
1519,1972,diybookscanner.org,200,True,,WEBSITE_DOWN,1.0,Skipped
1519,1973,scubadivingvacation.net,200,True,,FEASIBLE,0.9,Skipped
1519,1974,selectree.calpoly.edu,200,True,,UNCERTAIN,0.9,Skipped
1519,1975,safegolf.org,200,True,,UNCERTAIN,0.0,Skipped
1519,1976,news.ucsc.edu,200,True,,UNCERTAIN,1.0,Skipped
1519,1977,accuphase.com,200,True,,FEASIBLE,1.0,Accepted
1520,1978,footymad.net,200,True,,FEASIBLE,1.0,Accepted
1521,1979,visitsaltlake.com,200,True,,UNCERTAIN,0.0,Skipped
1521,1980,auctores.de,200,True,,WEBSITE_DOWN,1.0,Skipped
1521,1981,saveonenergy.ca,200,True,,FEASIBLE,1.0,Accepted
1522,1982,anzca.edu.au,200,True,,FEASIBLE,1.0,Accepted
1523,1983,peerlessboilers.com,200,True,,FEASIBLE,1.0,Accepted
1524,1984,robert-doisneau.com,200,True,,FEASIBLE,1.0,Accepted
1525,1985,ablegamers.org,200,True,,FEASIBLE,1.0,Accepted
1526,1986,highpeak.gov.uk,403,True,,WEBSITE_DOWN,0.9,Skipped
1526,1987,visitoceancity.com,200,True,,UNCERTAIN,0.9,Skipped
1526,1988,veolia.fr,403,True,,WEBSITE_DOWN,0.9,Skipped
1526,1989,dailytype.com,200,True,,WEBSITE_DOWN,1.0,Skipped
1526,1990,michaelmorpurgo.com,200,True,,UNCERTAIN,0.9,Skipped
1526,1991,store.irobot.com,200,True,,UNCERTAIN,0.8,Skipped
1526,1992,colettepatterns.com,200,True,,FEASIBLE,0.9,Skipped
1526,1993,universitas21.com,200,True,,UNCERTAIN,0.9,Skipped
1526,1994,weil-der-stadt.de,200,True,,FEASIBLE,1.0,Accepted
1527,1995,eventideaudio.com,200,True,,CONTENT_LIKELY_OUTDATED,0.9,Skipped
1527,1996,frommybowl.com,200,True,,WEBSITE_DOWN,1.0,Skipped
1527,1997,guides.lib.berkeley.edu,200,True,,WEBSITE_DOWN,1.0,Skipped
1527,1998,joyce-farms.com,200,True,,CONTENT_LIKELY_OUTDATED,1.0,Skipped
1527,1999,betterrecipes.com,200,True,,FEASIBLE,1.0,Accepted
1528,2000,police.pref.osaka.jp,None,False,connection_error,WEBSITE_DOWN,0.95,Skipped
1528,2001,collegexpress.com,200,True,,FEASIBLE,0.9,Skipped
1528,2002,siouxfalls.org,403,True,,WEBSITE_DOWN,0.9,Skipped
1528,2003,oaklandcc.edu,200,True,,WEBSITE_DOWN,1.0,Skipped
1528,2004,auto.163.com,None,False,connection_error,WEBSITE_DOWN,0.95,Skipped
1528,2005,visitsequoia.com,200,True,,UNCERTAIN,0.9,Skipped
1528,2006,archaeopress.com,200,True,,UNCERTAIN,0.9,Skipped
1528,2007,greenmetric.ui.ac.id,200,True,,WEBSITE_DOWN,1.0,Skipped
1528,2008,thehygienebank.com,200,True,,FEASIBLE,1.0,Accepted
1529,2009,uwpress.wisc.edu,200,True,,WEBSITE_DOWN,1.0,Skipped
1529,2010,hyperallergic.com,200,True,,FEASIBLE,1.0,Accepted
1530,2011,cnas.org,200,True,,UNCERTAIN,1.0,Skipped
1530,2012,tekedia.com,200,True,,UNCERTAIN,0.9,Skipped
1530,2013,ptsdusa.org,200,True,,UNCERTAIN,0.9,Skipped
1530,2014,sites.wff.nasa.gov,None,False,connection_error,WEBSITE_DOWN,0.95,Skipped
1530,2015,nrel.gov,200,True,,CONTENT_LIKELY_OUTDATED,0.8,Skipped
1530,2016,edinburghlive.co.uk,200,True,,FEASIBLE,0.9,Skipped
1530,2017,wmnf.org,200,True,,WEBSITE_DOWN,1.0,Skipped
1530,2018,sk.libreoffice.org,200,True,,FEASIBLE,0.9,Skipped
1530,2019,sainttropeztourisme.com,200,True,,FEASIBLE,1.0,Accepted
1531,2020,obesitymedicine.org,200,True,,FEASIBLE,1.0,Accepted
1532,2021,global.lacoste.com,403,True,,WEBSITE_DOWN,0.9,Skipped
1532,2022,events.govtech.com,200,True,,CONTENT_LIKELY_OUTDATED,0.0,Skipped
1532,2023,wordoid.com,200,True,,CONTENT_LIKELY_OUTDATED,1.0,Skipped
1532,2024,sportsdietitians.com.au,200,True,,UNCERTAIN,1.0,Skipped
1532,2025,trendmicro.co.uk,200,True,,UNCERTAIN,1.0,Skipped
1532,2026,blogto.com,None,False,connection_error,WEBSITE_DOWN,0.95,Skipped
1532,2027,bwinf.de,200,True,,FEASIBLE,1.0,Accepted
1533,2028,support.xerox.com,200,True,,FEASIBLE,0.9,Skipped
1533,2029,internetnews.com,200,True,,FEASIBLE,1.0,Accepted
1534,2030,eurasiancommission.org,None,False,connection_error,WEBSITE_DOWN,0.95,Skipped
1534,2031,ireland.com,200,True,,FEASIBLE,0.9,Skipped
1534,2032,ispotnature.org,200,True,,WEBSITE_DOWN,1.0,Skipped
1534,2033,pac.dfo-mpo.gc.ca,None,False,connection_error,WEBSITE_DOWN,0.95,Skipped
1534,2034,digitallibrary.hsp.org,200,True,,UNCERTAIN,0.9,Skipped
1534,2035,hanwha-security.com,200,True,,UNCERTAIN,0.7,Skipped
1534,2036,africanstorybook.org,200,True,,FEASIBLE,0.9,Skipped
1534,2037,bpp.gov.pl,200,True,,UNCERTAIN,1.0,Skipped
1534,2038,samsungusa.com,403,True,,WEBSITE_DOWN,0.9,Skipped
1534,2039,moovitapp.com,200,True,,CONTENT_LIKELY_OUTDATED,0.9,Skipped
1534,2040,bimmerfest.com,200,True,,WEBSITE_DOWN,1.0,Skipped
1534,2041,shop.perfumersapprentice.com,200,True,,FEASIBLE,1.0,Accepted
1535,2042,chipchick.com,200,True,,UNCERTAIN,0.9,Skipped
1535,2043,motorcycleclassics.com,200,True,,FEASIBLE,1.0,Accepted
1536,2044,lebensministerium.at,404,True,,WEBSITE_DOWN,1.0,Skipped
1536,2045,houseplantcorner.com,None,False,connection_error,WEBSITE_DOWN,0.95,Skipped
1536,2046,disastersafety.org,200,True,,UNCERTAIN,1.0,Skipped
1536,2047,harbourair.com,200,True,,CONTENT_LIKELY_OUTDATED,0.9,Skipped
1536,2048,lovemoney.com,None,False,connection_error,WEBSITE_DOWN,0.95,Skipped
1536,2049,gbcsa.org.za,200,True,,FEASIBLE,1.0,Accepted
1537,2050,stihl.co.jp,200,True,,UNCERTAIN,0.8,Skipped
1537,2051,4freewallpaper.com,200,True,,WEBSITE_DOWN,1.0,Skipped
1537,2052,bmwperformancecenter.com,200,True,,CONTENT_LIKELY_OUTDATED,1.0,Skipped
1537,2053,hallmarkbusiness.com,200,True,,UNCERTAIN,0.9,Skipped
1537,2054,theroanokestar.com,200,True,,FEASIBLE,1.0,Accepted
1538,2055,carpatair.com,200,True,,FEASIBLE,1.0,Accepted
1539,2056,soapcentral.com,200,True,,FEASIBLE,0.9,Skipped
1539,2057,guide.blazemeter.com,200,True,,UNCERTAIN,0.8,Skipped
1539,2058,123inkt.nl,200,True,,FEASIBLE,1.0,Accepted
1540,2059,wikidiff.com,200,True,,FEASIBLE,1.0,Accepted
1541,2060,xataka.com,200,True,,UNCERTAIN,1.0,Skipped
1541,2061,journalofbigdata.springeropen.com,200,True,,WEBSITE_DOWN,1.0,Skipped
1541,2062,peregrinefund.org,200,True,,UNCERTAIN,1.0,Skipped
1541,2063,dachstein-salzkammergut.at,200,True,,UNCERTAIN,0.9,Skipped
1541,2064,alexanderpalace.org,200,True,,UNCERTAIN,1.0,Skipped
1541,2065,psychiatry.ucsf.edu,200,True,,UNCERTAIN,0.9,Skipped
1541,2066,visitmikkeli.fi,200,True,,UNCERTAIN,0.8,Skipped
1541,2067,timeforkids.com,200,True,,UNCERTAIN,0.8,Skipped
1541,2068,retaildive.com,200,True,,FEASIBLE,0.9,Skipped
1541,2069,fr.restaurantguru.com,200,True,,FEASIBLE,1.0,Accepted
1542,2070,1800lighting.com,200,True,,FEASIBLE,0.9,Skipped
1542,2071,modern-sql.com,200,True,,WEBSITE_DOWN,1.0,Skipped
1542,2072,edpolicy.stanford.edu,None,False,connection_error,WEBSITE_DOWN,0.95,Skipped
1542,2073,news9.com,200,True,,WEBSITE_DOWN,1.0,Skipped
1542,2074,images.google.fi,200,True,,UNCERTAIN,0.8,Skipped
1542,2075,succulentsandsunshine.com,200,True,,UNCERTAIN,0.9,Skipped
1542,2076,spielwarenmesse.de,200,True,,FEASIBLE,1.0,Accepted
1543,2077,seedsforchange.org.uk,200,True,,UNCERTAIN,1.0,Skipped
1543,2078,publichealthpost.org,200,True,,UNCERTAIN,0.9,Skipped
1543,2079,siegen.de,200,True,,UNCERTAIN,0.9,Skipped
1543,2080,mywabashvalley.com,403,True,,WEBSITE_DOWN,0.9,Skipped
1543,2081,pythonforbeginners.com,200,True,,FEASIBLE,1.0,Accepted
1544,2082,tahiti.com,200,True,,FEASIBLE,0.9,Skipped
1544,2083,wheatoncollege.edu,403,True,,WEBSITE_DOWN,0.9,Skipped
1544,2084,microformats.io,200,True,,FEASIBLE,1.0,Accepted
1545,2085,bocholt.de,200,True,,FEASIBLE,1.0,Accepted
1546,2086,lib.vt.edu,200,True,,FEASIBLE,0.9,Skipped
1546,2087,directferries.co.uk,200,True,,CONTENT_LIKELY_OUTDATED,1.0,Skipped
1546,2088,shoneys.com,403,True,,WEBSITE_DOWN,0.9,Skipped
1546,2089,wellbeing-project.org,200,True,,UNCERTAIN,1.0,Skipped
1546,2090,psychcentral.com,200,True,,FEASIBLE,1.0,Accepted
1547,2091,huntingtonny.gov,200,True,,UNCERTAIN,0.9,Skipped
1547,2092,investorjunkie.com,200,True,,UNCERTAIN,0.0,Skipped
1547,2093,aerospaceamerica.aiaa.org,200,True,,CONTENT_LIKELY_OUTDATED,0.9,Skipped
1547,2094,guide.metro.tokyo.jp,None,False,connection_error,WEBSITE_DOWN,0.95,Skipped
1547,2095,tunstall.de,None,False,connection_error,WEBSITE_DOWN,0.95,Skipped
1547,2096,canadianjournalofdiabetes.com,403,True,,WEBSITE_DOWN,0.9,Skipped
1547,2097,immigrantsrising.org,200,True,,UNCERTAIN,0.9,Skipped
1547,2098,sumerlabs.com,200,True,,CONTENT_LIKELY_OUTDATED,0.9,Skipped
1547,2099,takealot.com,403,True,,WEBSITE_DOWN,0.9,Skipped
1547,2100,fdlreporter.com,200,True,,WEBSITE_DOWN,1.0,Skipped
1547,2101,bokamera.se,200,True,,UNCERTAIN,1.0,Skipped
1547,2102,visualmarketing.com.au,200,True,,FEASIBLE,1.0,Accepted
1548,2103,johnsonscoaches.co.uk,200,True,,UNCERTAIN,0.9,Skipped
1548,2104,simply-ergonomic.co.uk,200,True,,UNCERTAIN,1.0,Skipped
1548,2105,programmerinterview.com,520,False,,WEBSITE_DOWN,1.0,Skipped
1548,2106,computationalcomplexity.org,200,True,,CONTENT_LIKELY_OUTDATED,0.9,Skipped
1548,2107,healthymeals.nal.usda.gov,None,False,connection_error,WEBSITE_DOWN,0.95,Skipped
1548,2108,dallaszoo.com,200,True,,UNCERTAIN,0.9,Skipped
1548,2109,whiskybase.com,200,True,,WEBSITE_DOWN,1.0,Skipped
1548,2110,dallascollege.edu,200,True,,CONTENT_LIKELY_OUTDATED,0.9,Skipped
1548,2111,arlingtoncardinal.com,200,True,,UNCERTAIN,0.9,Skipped
1548,2112,northwestgeorgianews.com,200,True,,WEBSITE_DOWN,1.0,Skipped
1548,2113,nationalcowboymuseum.org,200,True,,FEASIBLE,1.0,Accepted
1549,2114,fmod.com,200,True,,UNCERTAIN,0.8,Skipped
1549,2115,fbs.leeds.ac.uk,None,False,connection_error,WEBSITE_DOWN,0.95,Skipped
1549,2116,icons8.com.br,200,True,,FEASIBLE,1.0,Accepted
1550,2117,shop.cafepress.com,403,True,,WEBSITE_DOWN,0.9,Skipped
1550,2118,stewartsshops.com,200,True,,UNCERTAIN,0.9,Skipped
1550,2119,editorial.rottentomatoes.com,200,True,,FEASIBLE,1.0,Accepted
1551,2120,socialprotection.org,403,True,,WEBSITE_DOWN,0.9,Skipped
1551,2121,conformis.com,200,True,,CONTENT_LIKELY_OUTDATED,0.9,Skipped
1551,2122,voelklingen.de,200,True,,UNCERTAIN,0.9,Skipped
1551,2123,library.medicine.yale.edu,200,True,,UNCERTAIN,0.9,Skipped
1551,2124,ajax-zoom.com,200,True,,FEASIBLE,1.0,Accepted
1552,2125,southernkitchen.com,200,True,,WEBSITE_DOWN,1.0,Skipped
1552,2126,economicdevelopmentwinnipeg.com,200,True,,WEBSITE_DOWN,1.0,Skipped
1552,2127,digirep.rhul.ac.uk,None,False,"HTTPSConnectionPool(host='repository.royalholloway.ac.uk',",WEBSITE_DOWN,0.95,Skipped
1552,2128,countryflags.com,200,True,,UNCERTAIN,1.0,Skipped
1552,2129,irondisorders.org,200,True,,FEASIBLE,0.9,Skipped
1552,2130,homebrewing.org,200,True,,FEASIBLE,1.0,Accepted
1553,2131,infragistics.com,200,True,,FEASIBLE,1.0,Accepted
1554,2132,agupubs.onlinelibrary.wiley.com,403,True,,WEBSITE_DOWN,0.9,Skipped
1554,2133,mariekeating.ie,200,True,,FEASIBLE,1.0,Accepted
1555,2134,sunysuffolk.edu,200,True,,CONTENT_LIKELY_OUTDATED,1.0,Skipped
1555,2135,customcat.com,200,True,,FEASIBLE,1.0,Accepted
1556,2136,corporatefinanceinstitute.com,200,True,,FEASIBLE,1.0,Accepted
1557,2137,blog.synology.com,200,True,,FEASIBLE,0.9,Skipped
1557,2138,bna.birds.cornell.edu,None,False,connection_error,WEBSITE_DOWN,0.95,Skipped
1557,2139,eros.usgs.gov,202,True,,UNCERTAIN,0.8,Skipped
1557,2140,aviation.meteo.fr,200,True,,UNCERTAIN,1.0,Skipped
1557,2141,blog.thunderbird.net,200,True,,UNCERTAIN,1.0,Skipped
1557,2142,apps.kew.org,200,True,,WEBSITE_DOWN,1.0,Skipped
1557,2143,geoportail.gouv.fr,404,True,,WEBSITE_DOWN,1.0,Skipped
1557,2144,kups.ub.uni-koeln.de,200,True,,FEASIBLE,0.9,Skipped
1557,2145,indieexcellence.com,200,True,,CONTENT_LIKELY_OUTDATED,1.0,Skipped
1557,2146,brother.com.hk,None,False,connection_error,WEBSITE_DOWN,0.95,Skipped
1557,2147,conference.thoracic.org,200,True,,CONTENT_LIKELY_OUTDATED,1.0,Skipped
1557,2148,citizenm.com,200,True,,FEASIBLE,0.0,Skipped
1557,2149,catholiccharities-md.org,200,True,,FEASIBLE,1.0,Accepted
1558,2150,oxfordclinicalpsych.com,403,True,,WEBSITE_DOWN,0.9,Skipped
1558,2151,shop.universalorlando.com,200,True,,UNCERTAIN,0.8,Skipped
1558,2152,spack.readthedocs.io,200,True,,FEASIBLE,0.9,Skipped
1558,2153,osha.gov,403,True,,WEBSITE_DOWN,0.9,Skipped
1558,2154,internetdagarna.se,200,True,,CONTENT_LIKELY_OUTDATED,0.9,Skipped
1558,2155,uwex.wisconsin.edu,200,True,,CONTENT_LIKELY_OUTDATED,0.9,Skipped
1558,2156,flyfrontier.com,200,True,,FEASIBLE,1.0,Accepted
1559,2157,gisbarbados.gov.bb,403,True,,WEBSITE_DOWN,0.9,Skipped
1559,2158,castlegarden.org,None,False,connection_error,WEBSITE_DOWN,0.95,Skipped
1559,2159,hawk-conservancy.org,200,True,,UNCERTAIN,1.0,Skipped
1559,2160,cubic-bezier.com,200,True,,FEASIBLE,1.0,Accepted
1560,2161,nationalhousingtrust.org,200,True,,FEASIBLE,0.9,Skipped
1560,2162,professionalphotographer.co.uk,200,True,,UNCERTAIN,0.8,Skipped
1560,2163,the-athenaeum.org,503,False,,WEBSITE_DOWN,1.0,Skipped
1560,2164,azekexteriors.com,200,True,,WEBSITE_DOWN,1.0,Skipped
1560,2165,ovc.uoguelph.ca,200,True,,UNCERTAIN,0.9,Skipped
1560,2166,beta.reactjs.org,200,True,,UNCERTAIN,0.9,Skipped
1560,2167,swtch.com,200,True,,FEASIBLE,1.0,Accepted
1561,2168,minetilbud.dk,200,True,,FEASIBLE,1.0,Accepted
1562,2169,norden.org,403,True,,WEBSITE_DOWN,0.9,Skipped
1562,2170,iop.net,200,True,,UNCERTAIN,1.0,Skipped
1562,2171,uk.moo.com,200,True,,FEASIBLE,1.0,Accepted
1563,2172,richmond.ac.uk,200,True,,WEBSITE_DOWN,1.0,Skipped
1563,2173,bbbnp.org,200,True,,FEASIBLE,1.0,Accepted
1564,2174,electromaker.io,200,True,,WEBSITE_DOWN,1.0,Skipped
1564,2175,deckorators.com,403,True,,WEBSITE_DOWN,0.9,Skipped
1564,2176,chinati.org,200,True,,UNCERTAIN,0.9,Skipped
1564,2177,ncadac.globalchange.gov,None,False,connection_error,WEBSITE_DOWN,0.95,Skipped
1564,2178,education.state.nj.us,None,False,connection_error,WEBSITE_DOWN,0.95,Skipped
1564,2179,machias.edu,200,True,,UNCERTAIN,1.0,Skipped
1564,2180,azamaraclubcruises.com,200,True,,CONTENT_LIKELY_OUTDATED,1.0,Skipped
1564,2181,blog.bigcartel.com,200,True,,FEASIBLE,1.0,Accepted
1565,2182,water.org,200,True,,FEASIBLE,1.0,Accepted
1566,2183,cks.nice.org.uk,403,True,,WEBSITE_DOWN,0.9,Skipped
1566,2184,maps.google.ru,200,True,,FEASIBLE,0.9,Skipped
1566,2185,fraseryachts.com,200,True,,UNCERTAIN,0.9,Skipped
1566,2186,valleyitalianpizza.com,None,False,timeout,WEBSITE_DOWN,0.95,Skipped
1566,2187,eda.gov,None,False,connection_error,WEBSITE_DOWN,0.95,Skipped
1566,2188,historicaerials.com,200,True,,FEASIBLE,1.0,Accepted
1567,2189,phayul.com,200,True,,WEBSITE_DOWN,1.0,Skipped
1567,2190,info.apple.com,None,False,connection_error,WEBSITE_DOWN,0.95,Skipped
1567,2191,energydigital.com,200,True,,CONTENT_LIKELY_OUTDATED,0.8,Skipped
1567,2192,bioethics.hms.harvard.edu,200,True,,FEASIBLE,1.0,Accepted
1568,2193,newburycomics.com,200,True,,CONTENT_LIKELY_OUTDATED,0.9,Skipped
1568,2194,blog.snapchat.com,None,False,connection_error,WEBSITE_DOWN,0.95,Skipped
1568,2195,americanfenceassociation.com,200,True,,WEBSITE_DOWN,1.0,Skipped
1568,2196,hr.uga.edu,200,True,,UNCERTAIN,1.0,Skipped
1568,2197,solarpowerinternational.com,200,True,,CONTENT_LIKELY_OUTDATED,1.0,Skipped
1568,2198,blog.singularitynet.io,None,False,connection_error,WEBSITE_DOWN,0.95,Skipped
1568,2199,artdaily.org,None,False,connection_error,WEBSITE_DOWN,0.95,Skipped
1568,2200,datashare.is.ed.ac.uk,None,False,connection_error,WEBSITE_DOWN,0.95,Skipped
1568,2201,americorps.org,200,True,,WEBSITE_DOWN,1.0,Skipped
1568,2202,educommunity.minecraft.net,200,True,,UNCERTAIN,0.9,Skipped
1568,2203,geelongartscentre.org.au,200,True,,WEBSITE_DOWN,1.0,Skipped
1568,2204,kombuchakamp.com,200,True,,FEASIBLE,0.9,Skipped
1568,2205,ismap.go.jp,None,False,connection_error,WEBSITE_DOWN,0.95,Skipped
1568,2206,harpersbazaar.com.sg,200,True,,FEASIBLE,1.0,Accepted
1569,2207,allinahealth.org,200,True,,UNCERTAIN,0.9,Skipped
1569,2208,royalcollectionshop.co.uk,200,True,,WEBSITE_DOWN,1.0,Skipped
1569,2209,blog.scalyr.com,200,True,,CONTENT_LIKELY_OUTDATED,1.0,Skipped
1569,2210,elec.nj.gov,200,True,,UNCERTAIN,1.0,Skipped
1569,2211,stoxx.com,200,True,,FEASIBLE,1.0,Accepted
1570,2212,falmouthma.gov,200,True,,FEASIBLE,0.9,Skipped
1570,2213,visitoslo.com,200,True,,FEASIBLE,1.0,Accepted
1571,2214,data.world,200,True,,UNCERTAIN,0.8,Skipped
1571,2215,barthsyndrome.org,200,True,,FEASIBLE,1.0,Accepted
1572,2216,acctphilly.org,200,True,,FEASIBLE,0.9,Skipped
1572,2217,lehmbruckmuseum.de,200,True,,FEASIBLE,0.9,Skipped
1572,2218,tvownermanuals.net,200,True,,FEASIBLE,1.0,Accepted
1573,2219,uni-passau.de,200,True,,UNCERTAIN,0.9,Skipped
1573,2220,tierpark-rheinboellen.de,200,True,,FEASIBLE,1.0,Accepted
1574,2221,crans-montana.ch,200,True,,CONTENT_LIKELY_OUTDATED,0.9,Skipped
1574,2222,online-stopwatch.com,200,True,,FEASIBLE,1.0,Accepted
1575,2223,centrepointstores.com,403,True,,WEBSITE_DOWN,0.9,Skipped
1575,2224,bad-krozingen.de,200,True,,FEASIBLE,1.0,Accepted
1576,2225,specialtyfood.com,200,True,,CONTENT_LIKELY_OUTDATED,0.9,Skipped
1576,2226,visitaarhus.dk,200,True,,FEASIBLE,1.0,Accepted
1577,2227,babelfish.com,200,True,,UNCERTAIN,1.0,Skipped
1577,2228,dsl.richmond.edu,200,True,,UNCERTAIN,0.9,Skipped
1577,2229,epguides.com,200,True,,FEASIBLE,1.0,Accepted
1578,2230,djirra.org.au,200,True,,FEASIBLE,1.0,Accepted
1579,2231,jiff.com.au,200,True,,UNCERTAIN,0.9,Skipped
1579,2232,styleguide.mailchimp.com,200,True,,UNCERTAIN,1.0,Skipped
1579,2233,taiwantrip.com.tw,None,False,connection_error,WEBSITE_DOWN,0.95,Skipped
1579,2234,store.segway.com,200,True,,FEASIBLE,1.0,Accepted
1580,2235,jetico.com,200,True,,UNCERTAIN,0.9,Skipped
1580,2236,en.scientificcommons.org,None,False,connection_error,WEBSITE_DOWN,0.95,Skipped
1580,2237,racp.edu.au,200,True,,FEASIBLE,1.0,Accepted
1581,2238,inciweb.org,None,False,connection_error,WEBSITE_DOWN,0.95,Skipped
1581,2239,blog.harvardlawreview.org,404,True,,WEBSITE_DOWN,1.0,Skipped
1581,2240,bolognafiere.it,200,True,,UNCERTAIN,0.9,Skipped
1581,2241,apl.jhu.edu,None,False,connection_error,WEBSITE_DOWN,0.95,Skipped
1581,2242,virginiazoo.org,200,True,,FEASIBLE,1.0,Accepted
1582,2243,odrl.net,200,True,,CONTENT_LIKELY_OUTDATED,1.0,Skipped
1582,2244,tradingplatforms.com,200,True,,CONTENT_LIKELY_OUTDATED,0.9,Skipped
1582,2245,ubuweb.com,200,True,,WEBSITE_DOWN,1.0,Skipped
1582,2246,prague.eu,200,True,,WEBSITE_DOWN,1.0,Skipped
1582,2247,servicearizona.com,200,True,,CONTENT_LIKELY_OUTDATED,1.0,Skipped
1582,2248,nabj.org,403,True,,WEBSITE_DOWN,0.9,Skipped
1582,2249,elnuevodia.com,200,True,,FEASIBLE,1.0,Accepted
1583,2250,heroforge.com,200,True,,UNCERTAIN,1.0,Skipped
1583,2251,viamichelin.ie,200,True,,FEASIBLE,1.0,Accepted
1584,2252,jackboxgames.com,200,True,,CONTENT_LIKELY_OUTDATED,1.0,Skipped
1584,2253,bookaway.com,200,True,,FEASIBLE,1.0,Accepted
1585,2254,computerworld.com.pt,None,False,timeout,WEBSITE_DOWN,0.95,Skipped
1585,2255,textes.justice.gouv.fr,None,False,connection_error,WEBSITE_DOWN,0.95,Skipped
1585,2256,folkbladet.se,200,True,,UNCERTAIN,1.0,Skipped
1585,2257,action.momsrising.org,200,True,,CONTENT_LIKELY_OUTDATED,0.8,Skipped
1585,2258,suse.de,200,True,,FEASIBLE,1.0,Accepted
1586,2259,thesoundofvinyl.com,200,True,,UNCERTAIN,0.0,Skipped
1586,2260,appft1.uspto.gov,None,False,connection_error,WEBSITE_DOWN,0.95,Skipped
1586,2261,hotels-of-london.com,200,True,,FEASIBLE,1.0,Accepted
1587,2262,alamedacountyfair.com,200,True,,UNCERTAIN,0.9,Skipped
1587,2263,thehomesihavemade.com,200,True,,UNCERTAIN,0.8,Skipped
1587,2264,saintsbaseball.com,200,True,,CONTENT_LIKELY_OUTDATED,1.0,Skipped
1587,2265,aim.alsde.edu,None,False,connection_error,WEBSITE_DOWN,0.95,Skipped
1587,2266,urgentcarelocations.org,200,True,,WEBSITE_DOWN,1.0,Skipped
1587,2267,kompas.com,200,True,,UNCERTAIN,0.8,Skipped
1587,2268,ebay.co.jp,200,True,,UNCERTAIN,0.0,Skipped
1587,2269,jaxa.jp,None,False,connection_error,WEBSITE_DOWN,0.95,Skipped
1587,2270,cancer.org.br,200,True,,UNCERTAIN,0.9,Skipped
1587,2271,hu.statcounter.com,200,True,,UNCERTAIN,0.8,Skipped
1587,2272,pudding.cool,200,True,,FEASIBLE,1.0,Accepted
1588,2273,ntp.niehs.nih.gov,200,True,,UNCERTAIN,0.8,Skipped
1588,2274,visitfloridastateparks.com,None,False,connection_error,WEBSITE_DOWN,0.95,Skipped
1588,2275,main.abet.org,None,False,connection_error,WEBSITE_DOWN,0.95,Skipped
1588,2276,aucklandrugby.co.nz,200,True,,FEASIBLE,1.0,Accepted
1589,2277,brazil.unfpa.org,200,True,,UNCERTAIN,0.9,Skipped
1589,2278,pulse.com.gh,200,True,,CONTENT_LIKELY_OUTDATED,0.9,Skipped
1589,2279,noticiasaominuto.com,200,True,,FEASIBLE,1.0,Accepted
1590,2280,stratosjets.com,403,True,,WEBSITE_DOWN,0.9,Skipped
1590,2281,computersciencewiki.org,200,True,,WEBSITE_DOWN,1.0,Skipped
1590,2282,tvland.com,200,True,,CONTENT_LIKELY_OUTDATED,1.0,Skipped
1590,2283,tiff.net,200,True,,CONTENT_LIKELY_OUTDATED,0.9,Skipped
1590,2284,efinancialcareers.com,200,True,,UNCERTAIN,0.8,Skipped
1590,2285,thefreshwatertrust.org,200,True,,WEBSITE_DOWN,1.0,Skipped
1590,2286,europarltv.europa.eu,None,False,connection_error,WEBSITE_DOWN,0.95,Skipped
1590,2287,rightathome.net,403,True,,WEBSITE_DOWN,0.9,Skipped
1590,2288,ozy.com,200,True,,FEASIBLE,1.0,Accepted
1591,2289,bulbs.com,403,True,,WEBSITE_DOWN,0.9,Skipped
1591,2290,curlie.org,200,True,,CONTENT_LIKELY_OUTDATED,1.0,Skipped
1591,2291,thescore.com,200,True,,FEASIBLE,0.9,Skipped
1591,2292,bayswater.wa.gov.au,None,False,connection_error,WEBSITE_DOWN,0.95,Skipped
1591,2293,centerforpatientsafety.org,404,True,,WEBSITE_DOWN,1.0,Skipped
1591,2294,hardtofind.com.au,None,False,connection_error,WEBSITE_DOWN,0.95,Skipped
1591,2295,arttesia.co.uk,200,True,,WEBSITE_DOWN,1.0,Skipped
1591,2296,yourclassical.org,200,True,,FEASIBLE,0.9,Skipped
1591,2297,arts.mit.edu,200,True,,UNCERTAIN,0.9,Skipped
1591,2298,pilotpen.de,200,True,,CONTENT_LIKELY_OUTDATED,1.0,Skipped
1591,2299,maps.nationalgeographic.com,200,True,,UNCERTAIN,0.9,Skipped
1591,2300,ancientforestalliance.org,200,True,,UNCERTAIN,0.8,Skipped
1591,2301,data.boston.gov,200,True,,UNCERTAIN,1.0,Skipped
1591,2302,sinosplice.com,200,True,,UNCERTAIN,1.0,Skipped
1591,2303,washington811.com,200,True,,FEASIBLE,1.0,Accepted
1592,2304,britishcouncil.bg,None,False,connection_error,WEBSITE_DOWN,0.95,Skipped
1592,2305,forskning.ku.dk,200,True,,FEASIBLE,0.9,Skipped
1592,2306,boomsupersonic.com,200,True,,UNCERTAIN,0.9,Skipped
1592,2307,navajotech.edu,None,False,connection_error,WEBSITE_DOWN,0.95,Skipped
1592,2308,sleepeducation.com,200,True,,FEASIBLE,0.0,Skipped
1592,2309,genericons.com,200,True,,FEASIBLE,1.0,Accepted
1593,2310,equipmentworld.com,403,True,,WEBSITE_DOWN,0.9,Skipped
1593,2311,visit.varna.bg,200,True,,CONTENT_LIKELY_OUTDATED,0.9,Skipped
1593,2312,aglifesciences.tamu.edu,200,True,,UNCERTAIN,0.9,Skipped
1593,2313,disciples.org,200,True,,UNCERTAIN,0.9,Skipped
1593,2314,transpower.co.nz,200,True,,UNCERTAIN,0.9,Skipped
1593,2315,gahistoricnewspapers.galileo.usg.edu,200,True,,FEASIBLE,1.0,Accepted
1594,2316,lincoln.com,None,False,timeout,WEBSITE_DOWN,0.95,Skipped
1594,2317,augustiner-restaurant.com,200,True,,FEASIBLE,1.0,Accepted
1595,2318,euronuclear.org,200,True,,FEASIBLE,1.0,Accepted
1596,2319,worc.ox.ac.uk,None,False,connection_error,WEBSITE_DOWN,0.95,Skipped
1596,2320,mcpl.info,200,True,,CONTENT_LIKELY_OUTDATED,0.9,Skipped
1596,2321,horizont2020.de,200,True,,UNCERTAIN,0.9,Skipped
1596,2322,esri.ca,200,True,,FEASIBLE,1.0,Accepted
1597,2323,nibio.brage.unit.no,None,False,connection_error,WEBSITE_DOWN,0.95,Skipped
1597,2324,schiit.com,200,True,,UNCERTAIN,1.0,Skipped
1597,2325,glamglow.com,403,True,,WEBSITE_DOWN,0.9,Skipped
1597,2326,sportamore.se,200,True,,FEASIBLE,0.9,Skipped
1597,2327,aircadetleague.com,None,False,connection_error,WEBSITE_DOWN,0.95,Skipped
1597,2328,ville-geneve.ch,200,True,,UNCERTAIN,0.9,Skipped
1597,2329,aimovig.com,200,True,,FEASIBLE,1.0,Accepted
1598,2330,foxrentacar.com,200,True,,FEASIBLE,1.0,Accepted
1599,2331,supchina.com,200,True,,CONTENT_LIKELY_OUTDATED,1.0,Skipped
1599,2332,beethovenfest.de,200,True,,CONTENT_LIKELY_OUTDATED,0.9,Skipped
1599,2333,projects.gentoo.org,200,True,,UNCERTAIN,0.9,Skipped
1599,2334,css3test.com,200,True,,CONTENT_LIKELY_OUTDATED,1.0,Skipped
1599,2335,camdenmarket.com,200,True,,FEASIBLE,1.0,Accepted
1600,2336,thethingsnetwork.org,200,True,,FEASIBLE,0.9,Skipped
1600,2337,data.colorado.gov,200,True,,FEASIBLE,1.0,Accepted
1601,2338,oneplanetnetwork.org,403,True,,WEBSITE_DOWN,0.9,Skipped
1601,2339,acousticguitar.com,200,True,,FEASIBLE,1.0,Accepted
1602,2340,madison365.com,200,True,,FEASIBLE,1.0,Accepted
1603,2341,journalssystem.com,200,True,,WEBSITE_DOWN,1.0,Skipped
1603,2342,sustainableagriculture.net,200,True,,UNCERTAIN,0.8,Skipped
1603,2343,statisticsdonewrong.com,200,True,,FEASIBLE,1.0,Accepted
1604,2344,dewalt.de,200,True,,FEASIBLE,0.9,Skipped
1604,2345,amp.miamiherald.com,None,False,timeout,WEBSITE_DOWN,0.95,Skipped
1604,2346,oralcancer.org,200,True,,FEASIBLE,1.0,Accepted
1605,2347,autoprio.de,200,True,,FEASIBLE,0.9,Skipped
1605,2348,resources.perforce.com,200,True,,CONTENT_LIKELY_OUTDATED,0.9,Skipped
1605,2349,payne.house.gov,None,False,connection_error,WEBSITE_DOWN,0.95,Skipped
1605,2350,provenancehotels.com,200,True,,UNCERTAIN,0.9,Skipped
1605,2351,dev.studiopress.com,200,True,,UNCERTAIN,0.9,Skipped
1605,2352,forever21.com,200,True,,UNCERTAIN,0.8,Skipped
1605,2353,math.harvard.edu,None,False,connection_error,WEBSITE_DOWN,0.95,Skipped
1605,2354,integratedorthopedicsaz.com,200,True,,FEASIBLE,1.0,Accepted
1606,2355,streamingmedia.com,200,True,,FEASIBLE,1.0,Accepted
1607,2356,rnz.co.nz,200,True,,UNCERTAIN,1.0,Skipped
1607,2357,juvenilecouncil.ojp.gov,200,True,,CONTENT_LIKELY_OUTDATED,1.0,Skipped
1607,2358,techsoup.org,200,True,,FEASIBLE,1.0,Accepted
1608,2359,rakennerahastot.fi,403,True,,WEBSITE_DOWN,0.9,Skipped
1608,2360,goretexprofessional.com,200,True,,FEASIBLE,0.9,Skipped
1608,2361,maps.google.com.mm,200,True,,UNCERTAIN,1.0,Skipped
1608,2362,tourmontparnasse56.com,200,True,,CONTENT_LIKELY_OUTDATED,1.0,Skipped
1608,2363,ontology.omg.org,200,True,,FEASIBLE,0.9,Skipped
1608,2364,warriorcanineconnection.org,200,True,,FEASIBLE,1.0,Accepted
1609,2365,landini.it,200,True,,FEASIBLE,0.9,Skipped
1609,2366,vehiculepress.com,200,True,,UNCERTAIN,1.0,Skipped
1609,2367,thaiclinicaltrials.org,200,True,,CONTENT_LIKELY_OUTDATED,0.8,Skipped
1609,2368,mitas-tires.com,200,True,,FEASIBLE,1.0,Accepted
1610,2369,amwater.com,None,False,connection_error,WEBSITE_DOWN,0.95,Skipped
1610,2370,it.pearson.com,200,True,,FEASIBLE,1.0,Accepted
1611,2371,berkeleyside.com,200,True,,WEBSITE_DOWN,1.0,Skipped
1611,2372,prepacmfg.com,200,True,,UNCERTAIN,1.0,Skipped
1611,2373,bclaws.ca,200,True,,UNCERTAIN,0.0,Skipped
1611,2374,ecolsoc.org.au,200,True,,WEBSITE_DOWN,1.0,Skipped
1611,2375,freebiesupply.com,200,True,,FEASIBLE,0.9,Skipped
1611,2376,homify.fr,200,True,,UNCERTAIN,0.8,Skipped
1611,2377,training.gov.au,200,True,,FEASIBLE,1.0,Accepted
1612,2378,mnhn.fr,200,True,,WEBSITE_DOWN,1.0,Skipped
1612,2379,sos.mo.gov,403,True,,WEBSITE_DOWN,0.9,Skipped
1612,2380,austriaca.at,200,True,,FEASIBLE,1.0,Accepted
1613,2381,nh-hotels.com,403,True,,WEBSITE_DOWN,0.9,Skipped
1613,2382,acleanbake.com,200,True,,FEASIBLE,1.0,Accepted
1614,2383,liberty.edu,200,True,,UNCERTAIN,0.9,Skipped
1614,2384,microsoft.com,None,False,connection_error,WEBSITE_DOWN,0.95,Skipped
1614,2385,heraklion-airport.info,200,True,,FEASIBLE,0.9,Skipped
1614,2386,conference.nber.org,200,True,,FEASIBLE,1.0,Accepted
1615,2387,classicalacademicpress.com,200,True,,UNCERTAIN,0.8,Skipped
1615,2388,illustratorenportfolios.de,200,True,,UNCERTAIN,0.9,Skipped
1615,2389,lib.purdue.edu,200,True,,UNCERTAIN,0.9,Skipped
1615,2390,bio.tools,200,True,,UNCERTAIN,1.0,Skipped
1615,2391,cancerres.aacrjournals.org,403,True,,WEBSITE_DOWN,0.9,Skipped
1615,2392,izi.fraunhofer.de,None,False,connection_error,WEBSITE_DOWN,0.95,Skipped
1615,2393,velodynelidar.com,200,True,,CONTENT_LIKELY_OUTDATED,1.0,Skipped
1615,2394,filehippo.com,200,True,,FEASIBLE,0.9,Skipped
1615,2395,texturehaven.com,200,True,,FEASIBLE,0.9,Skipped
1615,2396,opensignal.com,200,True,,FEASIBLE,0.9,Skipped
1615,2397,christianfocus.com,200,True,,FEASIBLE,1.0,Accepted
1616,2398,manchesterworld.uk,200,True,,UNCERTAIN,1.0,Skipped
1616,2399,sd23.bc.ca,200,True,,UNCERTAIN,0.9,Skipped
1616,2400,kitchenaid.eu,200,True,,UNCERTAIN,0.9,Skipped
1616,2401,cdburnerxp.se,200,True,,UNCERTAIN,0.9,Skipped
1616,2402,encepp.eu,200,True,,CONTENT_LIKELY_OUTDATED,1.0,Skipped
1616,2403,pacificsource.com,200,True,,FEASIBLE,1.0,Accepted
1617,2404,ignca.nic.in,None,False,connection_error,WEBSITE_DOWN,0.95,Skipped
1617,2405,raileurope.com,200,True,,FEASIBLE,1.0,Accepted
1618,2406,feedvalidator.org,None,False,connection_error,WEBSITE_DOWN,0.95,Skipped
1618,2407,yamldiff.com,200,True,,FEASIBLE,1.0,Accepted
1619,2408,shorelineaviation.com,404,True,,WEBSITE_DOWN,1.0,Skipped
1619,2409,pycoders.com,200,True,,FEASIBLE,1.0,Accepted
1620,2410,xarray.pydata.org,200,True,,FEASIBLE,0.9,Skipped
1620,2411,logainm.ie,200,True,,FEASIBLE,1.0,Accepted
1621,2412,handwerk-bw.de,200,True,,CONTENT_LIKELY_OUTDATED,0.9,Skipped
1621,2413,nanjing.tianqi.com,200,True,,WEBSITE_DOWN,1.0,Skipped
1621,2414,amnistia.pt,200,True,,CONTENT_LIKELY_OUTDATED,1.0,Skipped
1621,2415,lg-dortmund.nrw.de,200,True,,WEBSITE_DOWN,1.0,Skipped
1621,2416,thichnhathanhfoundation.org,200,True,,CONTENT_LIKELY_OUTDATED,0.9,Skipped
1621,2417,caitlin-press.com,200,True,,WEBSITE_DOWN,1.0,Skipped
1621,2418,budgettraveller.org,200,True,,UNCERTAIN,0.9,Skipped
1621,2419,centralbanking.com,200,True,,FEASIBLE,1.0,Accepted
1622,2420,salzburg-bahnen.at,200,True,,CONTENT_LIKELY_OUTDATED,1.0,Skipped
1622,2421,w8ji.com,200,True,,FEASIBLE,1.0,Accepted
1623,2422,cicero.de,200,True,,FEASIBLE,1.0,Accepted
1624,2423,covestro.de,200,True,,FEASIBLE,1.0,Accepted
1625,2424,publicorthodoxy.org,200,True,,CONTENT_LIKELY_OUTDATED,0.9,Skipped
1625,2425,flukeprocessinstruments.com,None,False,connection_error,WEBSITE_DOWN,0.95,Skipped
1625,2426,nyscatholic.org,200,True,,FEASIBLE,1.0,Accepted
1626,2427,clinicalinfo.hiv.gov,403,True,,WEBSITE_DOWN,0.9,Skipped
1626,2428,gamedev.jobs,None,False,"HTTPSConnectionPool(host='gamedev.jobs',",WEBSITE_DOWN,0.95,Skipped
1626,2429,wsoctv.com,200,True,,FEASIBLE,1.0,Accepted
1627,2430,neel.cnrs.fr,200,True,,WEBSITE_DOWN,1.0,Skipped
1627,2431,practicalaction.org,200,True,,FEASIBLE,1.0,Accepted
1628,2432,ashleyfurniture.com,403,True,,WEBSITE_DOWN,0.9,Skipped
1628,2433,ymcasatx.org,200,True,,UNCERTAIN,0.9,Skipped
1628,2434,internetsales.com.au,200,True,,FEASIBLE,1.0,Accepted
1629,2435,utgardens.tennessee.edu,200,True,,UNCERTAIN,0.8,Skipped
1629,2436,pequerecetas.com,200,True,,CONTENT_LIKELY_OUTDATED,0.9,Skipped
1629,2437,history.army.mil,403,True,,WEBSITE_DOWN,0.9,Skipped
1629,2438,koaa.com,200,True,,UNCERTAIN,1.0,Skipped
1629,2439,funding.scot,200,True,,WEBSITE_DOWN,1.0,Skipped
1629,2440,wemakescholars.com,200,True,,FEASIBLE,1.0,Accepted
1630,2441,maliseets.net,403,True,,WEBSITE_DOWN,0.9,Skipped
1630,2442,holidays-and-observances.com,200,True,,CONTENT_LIKELY_OUTDATED,0.9,Skipped
1630,2443,hendricksgin.com,200,True,,UNCERTAIN,0.9,Skipped
1630,2444,vietnam.un.org,200,True,,FEASIBLE,1.0,Accepted
1631,2445,gpower.hhu.de,200,True,,FEASIBLE,1.0,Accepted
1632,2446,inn.no,200,True,,UNCERTAIN,0.8,Skipped
1632,2447,lawandcrime.com,200,True,,CONTENT_LIKELY_OUTDATED,0.9,Skipped
1632,2448,stationerytrends.com,200,True,,UNCERTAIN,0.9,Skipped
1632,2449,sverigetaxi.se,200,True,,FEASIBLE,1.0,Accepted
1633,2450,dandad.org,200,True,,UNCERTAIN,0.8,Skipped
1633,2451,edoeb.admin.ch,200,True,,FEASIBLE,1.0,Accepted
1634,2452,comcare.gov.au,None,False,timeout,WEBSITE_DOWN,0.95,Skipped
1634,2453,blog.youtube,200,True,,UNCERTAIN,0.0,Skipped
1634,2454,cardin.senate.gov,None,False,connection_error,WEBSITE_DOWN,0.95,Skipped
1634,2455,texaslifestylemag.com,200,True,,CONTENT_LIKELY_OUTDATED,0.8,Skipped
1634,2456,jewishmuseum.cz,200,True,,CONTENT_LIKELY_OUTDATED,1.0,Skipped
1634,2457,educba.com,200,True,,FEASIBLE,1.0,Accepted
1635,2458,laprensa.com.ni,None,False,connection_error,WEBSITE_DOWN,0.95,Skipped
1635,2459,uscis.gov,200,True,,UNCERTAIN,0.9,Skipped
1635,2460,ndisreview.gov.au,200,True,,CONTENT_LIKELY_OUTDATED,0.9,Skipped
1635,2461,mheducation.com,200,True,,WEBSITE_DOWN,1.0,Skipped
1635,2462,capecoral.gov,200,True,,FEASIBLE,1.0,Accepted
1636,2463,alaska.edu,200,True,,UNCERTAIN,0.9,Skipped
1636,2464,yowindow.com,200,True,,FEASIBLE,1.0,Accepted
1637,2465,help.target.com,None,False,connection_error,WEBSITE_DOWN,0.95,Skipped
1637,2466,pedigree.com,None,False,connection_error,WEBSITE_DOWN,0.95,Skipped
1637,2467,nict.go.jp,None,False,connection_error,WEBSITE_DOWN,0.95,Skipped
1637,2468,wccftech.com,None,False,connection_error,WEBSITE_DOWN,0.95,Skipped
1637,2469,research.ubc.ca,None,False,connection_error,WEBSITE_DOWN,0.95,Skipped
1637,2470,iottechexpo.com,None,False,connection_error,WEBSITE_DOWN,0.95,Skipped
1637,2471,beefobradys.com,None,False,connection_error,WEBSITE_DOWN,0.95,Skipped
1637,2472,validome.org,None,False,connection_error,WEBSITE_DOWN,0.95,Skipped
1637,2473,quick-step.com.au,200,True,,FEASIBLE,1.0,Accepted
1638,2474,guide.metro.tokyo.lg.jp,403,True,,WEBSITE_DOWN,0.9,Skipped
1638,2475,realbusinessrescue.co.uk,200,True,,FEASIBLE,1.0,Accepted
1639,2476,solahart.com.au,None,False,connection_error,WEBSITE_DOWN,0.95,Skipped
1639,2477,mslottery.com,200,True,,FEASIBLE,1.0,Accepted
1640,2478,findhivcare.hrsa.gov,200,True,,FEASIBLE,1.0,Accepted
1641,2479,greencommunitiescanada.org,200,True,,FEASIBLE,1.0,Accepted
1642,2480,fundsforngos.org,403,True,,WEBSITE_DOWN,0.9,Skipped
1642,2481,broadcastmagazine.nl,200,True,,CONTENT_LIKELY_OUTDATED,1.0,Skipped
1642,2482,journal.waocp.org,200,True,,UNCERTAIN,0.9,Skipped
1642,2483,odette.org,200,True,,UNCERTAIN,0.9,Skipped
1642,2484,leelanau.com,200,True,,UNCERTAIN,0.9,Skipped
1642,2485,lenbachhaus.de,200,True,,CONTENT_LIKELY_OUTDATED,1.0,Skipped
1642,2486,aboutseafood.com,200,True,,FEASIBLE,0.8,Skipped
1642,2487,defenseone.com,200,True,,CONTENT_LIKELY_OUTDATED,0.9,Skipped
1642,2488,mutationtaster.org,200,True,,FEASIBLE,1.0,Accepted
1643,2489,daily.redbullmusicacademy.com,200,True,,UNCERTAIN,0.9,Skipped
1643,2490,worldgbc.org,200,True,,FEASIBLE,1.0,Accepted
1644,2491,pylangacq.org,200,True,,FEASIBLE,0.9,Skipped
1644,2492,kone.de,200,True,,FEASIBLE,1.0,Accepted
1645,2493,tankmuseum.org,200,True,,CONTENT_LIKELY_OUTDATED,1.0,Skipped
1645,2494,businessmanagementdaily.com,200,True,,UNCERTAIN,0.8,Skipped
1645,2495,climatepolicyinitiative.org,200,True,,UNCERTAIN,0.0,Skipped
1645,2496,bpnews.net,200,True,,UNCERTAIN,0.0,Skipped
1645,2497,sinocism.com,200,True,,UNCERTAIN,0.9,Skipped
1645,2498,kcra.com,200,True,,WEBSITE_DOWN,1.0,Skipped
1645,2499,blog.sonos.com,200,True,,FEASIBLE,0.9,Skipped
1645,2500,onairparking.com,200,True,,FEASIBLE,1.0,Accepted
1646,2501,id.wiktionary.org,200,True,,UNCERTAIN,0.9,Skipped
1646,2502,bloombergradio.com,200,True,,FEASIBLE,1.0,Accepted
1647,2503,ordnet.dk,None,False,connection_error,WEBSITE_DOWN,0.95,Skipped
1647,2504,takewalks.com,200,True,,UNCERTAIN,0.9,Skipped
1647,2505,med.upenn.edu,None,False,connection_error,WEBSITE_DOWN,0.95,Skipped
1647,2506,democrats-financialservices.house.gov,200,True,,UNCERTAIN,0.9,Skipped
1647,2507,zh.wikibooks.org,200,True,,UNCERTAIN,1.0,Skipped
1647,2508,aappolicy.aappublications.org,None,False,connection_error,WEBSITE_DOWN,0.95,Skipped
1647,2509,onehealth.tennessee.edu,200,True,,UNCERTAIN,0.9,Skipped
1647,2510,help.runsignup.com,200,True,,UNCERTAIN,0.8,Skipped
1647,2511,oireachtas.ie,202,True,,CONTENT_LIKELY_OUTDATED,0.9,Skipped
1647,2512,classicdriver.com,200,True,,WEBSITE_DOWN,1.0,Skipped
1647,2513,shambhalatimes.org,403,True,,WEBSITE_DOWN,0.9,Skipped
1647,2514,web-kanji.com,200,True,,CONTENT_LIKELY_OUTDATED,1.0,Skipped
1647,2515,watersafe.org.uk,200,True,,FEASIBLE,1.0,Accepted
1648,2516,maps.agcom.it,200,True,,FEASIBLE,1.0,Accepted
1649,2517,hobbyconsolas.com,200,True,,FEASIBLE,1.0,Accepted
1650,2518,mssd.uscourts.gov,None,False,connection_error,WEBSITE_DOWN,0.95,Skipped
1650,2519,dnb.nl,403,True,,WEBSITE_DOWN,0.9,Skipped
1650,2520,theamericanscholar.org,200,True,,UNCERTAIN,0.9,Skipped
1650,2521,eyeforpharma.com,None,False,"HTTPSConnectionPool(host='eyeforpharma.com',",WEBSITE_DOWN,0.95,Skipped
1650,2522,papersdev.nber.org,None,False,timeout,WEBSITE_DOWN,0.95,Skipped
1650,2523,freedom-leisure.co.uk,200,True,,UNCERTAIN,0.9,Skipped
1650,2524,rogaine.com,200,True,,FEASIBLE,0.9,Skipped
1650,2525,beagleboard.org,200,True,,UNCERTAIN,0.8,Skipped
1650,2526,2020.stateofcss.com,200,True,,FEASIBLE,1.0,Accepted
1651,2527,easytranslate.com,200,True,,FEASIBLE,1.0,Accepted
1652,2528,hmv.com,403,True,,WEBSITE_DOWN,0.9,Skipped
1652,2529,cybersecurityworldasia.com,200,True,,FEASIBLE,1.0,Accepted
1653,2530,travelandleisureindia.in,200,True,,UNCERTAIN,0.8,Skipped
1653,2531,boomcalifornia.com,200,True,,WEBSITE_DOWN,1.0,Skipped
1653,2532,eccv2020.eu,200,True,,CONTENT_LIKELY_OUTDATED,0.9,Skipped
1653,2533,mod.nic.in,None,False,connection_error,WEBSITE_DOWN,0.95,Skipped
1653,2534,ijs.microbiologyresearch.org,200,True,,FEASIBLE,1.0,Accepted
1654,2535,english.uconn.edu,200,True,,FEASIBLE,1.0,Accepted
1655,2536,ucg.org,200,True,,UNCERTAIN,0.9,Skipped
1655,2537,ilove-newyork.com,200,True,,CONTENT_LIKELY_OUTDATED,0.9,Skipped
1655,2538,retroreport.org,200,True,,CONTENT_LIKELY_OUTDATED,0.9,Skipped
1655,2539,appalachiantrail.org,200,True,,UNCERTAIN,0.9,Skipped
1655,2540,telegraphindia.com,403,True,,WEBSITE_DOWN,0.9,Skipped
1655,2541,folkartmuseum.org,200,True,,FEASIBLE,1.0,Accepted
1656,2542,babytula.com,200,True,,UNCERTAIN,0.8,Skipped
1656,2543,library.olympic.org,None,False,"HTTPSConnectionPool(host='library.olympic.org',",WEBSITE_DOWN,0.95,Skipped
1656,2544,faber-castell.de,200,True,,FEASIBLE,0.9,Skipped
1656,2545,travelsouthyorkshire.com,200,True,,FEASIBLE,1.0,Accepted
1657,2546,article19.org,403,True,,WEBSITE_DOWN,0.9,Skipped
1657,2547,cliftonbridge.org.uk,200,True,,FEASIBLE,1.0,Accepted
1658,2548,cursor.tue.nl,200,True,,UNCERTAIN,1.0,Skipped
1658,2549,tekrevue.com,200,True,,WEBSITE_DOWN,1.0,Skipped
1658,2550,cbic.gov.in,200,True,,UNCERTAIN,0.9,Skipped
1658,2551,pk.indeed.com,200,True,,FEASIBLE,0.9,Skipped
1658,2552,utwente.nl,200,True,,UNCERTAIN,1.0,Skipped
1658,2553,medicinesinpregnancy.org,200,True,,FEASIBLE,0.9,Skipped
1658,2554,fmi-standard.org,200,True,,UNCERTAIN,0.9,Skipped
1658,2555,in.investing.com,403,True,,WEBSITE_DOWN,0.9,Skipped
1658,2556,muskegon-mi.gov,200,True,,FEASIBLE,1.0,Accepted
1659,2557,efa-net.eu,200,True,,CONTENT_LIKELY_OUTDATED,1.0,Skipped
1659,2558,bumbleandbumble.com,403,True,,WEBSITE_DOWN,0.9,Skipped
1659,2559,itre.ncsu.edu,200,True,,CONTENT_LIKELY_OUTDATED,0.9,Skipped
1659,2560,ausbt.com.au,200,True,,FEASIBLE,0.9,Skipped
1659,2561,spacetelescope.org,200,True,,CONTENT_LIKELY_OUTDATED,0.9,Skipped
1659,2562,cntower.ca,200,True,,WEBSITE_DOWN,1.0,Skipped
1659,2563,ihsaa.org,200,True,,WEBSITE_DOWN,1.0,Skipped
1659,2564,city.beppu.oita.jp,None,False,connection_error,WEBSITE_DOWN,0.95,Skipped
1659,2565,dl.lib.brown.edu,200,True,,FEASIBLE,0.9,Skipped
1659,2566,sendai-airport.co.jp,400,True,,WEBSITE_DOWN,1.0,Skipped
1659,2567,worldpulse.org,200,True,,CONTENT_LIKELY_OUTDATED,0.9,Skipped
1659,2568,scienceandmediamuseum.org.uk,405,True,,WEBSITE_DOWN,1.0,Skipped
1659,2569,eurozine.com,200,True,,UNCERTAIN,0.9,Skipped
1659,2570,www2.culture.gouv.fr,403,True,,WEBSITE_DOWN,0.9,Skipped
1659,2571,babcockranch.com,200,True,,FEASIBLE,1.0,Accepted
1660,2572,caringkindnyc.org,200,True,,FEASIBLE,1.0,Accepted
1661,2573,grantsplus.com,200,True,,FEASIBLE,1.0,Accepted
1662,2574,bondisands.com.au,200,True,,UNCERTAIN,0.9,Skipped
1662,2575,onlineviolintutor.com,200,True,,UNCERTAIN,0.9,Skipped
1662,2576,urbantrout.io,200,True,,FEASIBLE,1.0,Accepted
1663,2577,bhutan.travel,200,True,,UNCERTAIN,0.9,Skipped
1663,2578,19thc-artworldwide.org,200,True,,CONTENT_LIKELY_OUTDATED,0.9,Skipped
1663,2579,editions-bordas.fr,200,True,,FEASIBLE,0.9,Skipped
1663,2580,landryskitchen.com,None,False,connection_error,WEBSITE_DOWN,0.95,Skipped
1663,2581,dailynurse.com,403,True,,WEBSITE_DOWN,0.9,Skipped
1663,2582,icondock.com,200,True,,CONTENT_LIKELY_OUTDATED,1.0,Skipped
1663,2583,arkleg.state.ar.us,None,False,timeout,WEBSITE_DOWN,0.95,Skipped
1663,2584,ritchiebros.com,200,True,,FEASIBLE,1.0,Accepted
1664,2585,www2.texasattorneygeneral.gov,200,True,,UNCERTAIN,1.0,Skipped
1664,2586,snackandbakery.com,403,True,,WEBSITE_DOWN,0.9,Skipped
1664,2587,wpsu.psu.edu,200,True,,CONTENT_LIKELY_OUTDATED,0.9,Skipped
1664,2588,e-architect.co.uk,200,True,,UNCERTAIN,0.7,Skipped
1664,2589,mooresclothing.com,200,True,,UNCERTAIN,0.8,Skipped
1664,2590,homelandsecurity.ky.gov,403,True,,WEBSITE_DOWN,0.9,Skipped
1664,2591,blogs.umass.edu,200,True,,CONTENT_LIKELY_OUTDATED,0.9,Skipped
1664,2592,health.icalculator.com,200,True,,FEASIBLE,1.0,Accepted
1665,2593,mondaynightbrewing.com,200,True,,FEASIBLE,1.0,Accepted
1666,2594,events.opensuse.org,403,True,,WEBSITE_DOWN,0.9,Skipped
1666,2595,ncea.aoa.gov,None,False,connection_error,WEBSITE_DOWN,0.95,Skipped
1666,2596,ec-lyon.fr,None,False,connection_error,WEBSITE_DOWN,0.95,Skipped
1666,2597,av.coe.int,200,True,,WEBSITE_DOWN,1.0,Skipped
1666,2598,panasonic.cn,200,True,,UNCERTAIN,0.9,Skipped
